{
    "root_group": {
        "name": "",
        "path": "",
        "id": "d41d8cd98f00b204e9800998ecf8427e",
        "groups": {},
        "checks": {}
    },
    "metrics": {
        "http_req_waiting": {
            "p(99)": 46.10437041999997,
            "avg": 9.621278326646582,
            "med": 5.134202,
            "min": 0.806944,
            "max": 93.899566,
            "p(90)": 24.548919400000003,
            "p(95)": 31.641952099999962
        },
        "http_req_duration": {
            "avg": 9.686160136397785,
            "med": 5.1979025,
            "min": 0.851277,
            "max": 94.055022,
            "p(90)": 24.642593400000003,
            "p(95)": 31.701137999999993,
            "p(99)": 46.14906890999997
        },
        "vus_max": {
            "min": 200,
            "max": 200,
            "value": 200
        },
        "iteration_duration": {
            "med": 1026.88366,
            "min": 1004.453346,
            "max": 1220.280939,
            "p(90)": 1085.305571,
            "p(95)": 1108.279763,
            "p(99)": 1139.6150767999998,
            "avg": 1040.091993066081
        },
        "http_req_sending": {
            "min": 0.002198,
            "max": 1.802509,
            "p(90)": 0.02353810000000001,
            "p(95)": 0.035101249999999876,
            "p(99)": 0.09772901999999999,
            "avg": 0.014599003110920394,
            "med": 0.009872
        },
        "http_req_receiving": {
            "min": 0.006499,
            "max": 3.691872,
            "p(90)": 0.0919346,
            "p(95)": 0.11346894999999999,
            "p(99)": 0.19899446999999992,
            "avg": 0.05028280664020603,
            "med": 0.0382025
        },
        "iterations": {
            "count": 4661,
            "rate": 50.95532209920525
        },
        "http_req_tls_handshaking": {
            "avg": 0,
            "med": 0,
            "min": 0,
            "max": 0,
            "p(90)": 0,
            "p(95)": 0,
            "p(99)": 0
        },
        "data_received": {
            "rate": 63999.884556601784,
            "count": 5854216
        },
        "http_req_blocked": {
            "p(90)": 0.006194100000000002,
            "p(95)": 0.007652249999999993,
            "p(99)": 2.420606209999999,
            "avg": 0.10400252193735209,
            "med": 0.003006,
            "min": 0.0005,
            "max": 40.140233
        },
        "vus": {
            "value": 3,
            "min": 1,
            "max": 199
        },
        "data_sent": {
            "rate": 36331.14465673334,
            "count": 3323293
        },
        "http_req_failed": {
            "fails": 0,
            "passes": 18644,
            "value": 1
        },
        "http_reqs": {
            "count": 18644,
            "rate": 203.821288396821
        },
        "http_req_connecting": {
            "min": 0,
            "max": 40.031533,
            "p(90)": 0,
            "p(95)": 0,
            "p(99)": 2.2951321999999803,
            "avg": 0.09874922564900235,
            "med": 0
        }
    }
}