{
    "root_group": {
        "name": "",
        "path": "",
        "id": "d41d8cd98f00b204e9800998ecf8427e",
        "groups": {},
        "checks": {}
    },
    "metrics": {
        "http_req_connecting": {
            "med": 0,
            "min": 0,
            "max": 147.137558,
            "p(90)": 0,
            "p(95)": 0,
            "p(99)": 2.3036286399999897,
            "avg": 0.10487412131882205
        },
        "vus": {
            "value": 199,
            "min": 1,
            "max": 199
        },
        "http_req_blocked": {
            "min": 0.00046,
            "max": 147.292904,
            "p(90)": 0.006272,
            "p(95)": 0.008516699999999997,
            "p(99)": 2.3985302399999986,
            "avg": 0.1114230652475465,
            "med": 0.0026845000000000003
        },
        "http_req_waiting": {
            "med": 4.438626,
            "min": 0.734238,
            "max": 207.129282,
            "p(90)": 23.527675300000002,
            "p(95)": 30.729331749999982,
            "p(99)": 47.705632039999976,
            "avg": 9.084185481007186
        },
        "http_req_sending": {
            "p(90)": 0.024035900000000006,
            "p(95)": 0.033447099999999966,
            "p(99)": 0.09230498999999998,
            "avg": 0.013699461320956095,
            "med": 0.008862499999999999,
            "min": 0.002046,
            "max": 0.619045
        },
        "vus_max": {
            "value": 200,
            "min": 200,
            "max": 200
        },
        "iterations": {
            "count": 4686,
            "rate": 51.20705033278837
        },
        "http_reqs": {
            "count": 18744,
            "rate": 204.82820133115348
        },
        "http_req_receiving": {
            "med": 0.0347075,
            "min": 0.005814,
            "max": 1.813985,
            "p(90)": 0.08673900000000001,
            "p(95)": 0.10820364999999982,
            "p(99)": 0.17385308999999982,
            "avg": 0.046098068661971615
        },
        "iteration_duration": {
            "p(99)": 1152.1879897,
            "avg": 1037.4045061835275,
            "med": 1021.0779045,
            "min": 1004.724204,
            "max": 1229.01358,
            "p(90)": 1088.3572875,
            "p(95)": 1105.288306
        },
        "http_req_duration": {
            "max": 207.186975,
            "p(90)": 23.619706700000012,
            "p(95)": 30.828805849999995,
            "p(99)": 47.77295083,
            "avg": 9.143983010990105,
            "med": 4.4939575000000005,
            "min": 0.762202
        },
        "data_received": {
            "count": 5885616,
            "rate": 64316.05521798219
        },
        "http_req_failed": {
            "fails": 0,
            "passes": 18744,
            "value": 1
        },
        "http_req_tls_handshaking": {
            "p(99)": 0,
            "avg": 0,
            "med": 0,
            "min": 0,
            "max": 0,
            "p(90)": 0,
            "p(95)": 0
        },
        "data_sent": {
            "count": 3341118,
            "rate": 36510.62688727811
        }
    }
}