{
    "root_group": {
        "name": "",
        "path": "",
        "id": "d41d8cd98f00b204e9800998ecf8427e",
        "groups": {},
        "checks": {}
    },
    "metrics": {
        "vus_max": {
            "value": 200,
            "min": 200,
            "max": 200
        },
        "http_req_failed": {
            "passes": 18644,
            "fails": 0,
            "value": 1
        },
        "http_req_sending": {
            "avg": 0.01409697114353143,
            "med": 0.008807,
            "min": 0.002101,
            "max": 0.689213,
            "p(90)": 0.025002600000000003,
            "p(95)": 0.033986,
            "p(99)": 0.10291517999999977
        },
        "http_req_receiving": {
            "p(95)": 0.11188164999999999,
            "p(99)": 0.18298716999999995,
            "avg": 0.04583583485303594,
            "med": 0.0342325,
            "min": 0.005643,
            "max": 1.461351,
            "p(90)": 0.08658980000000006
        },
        "http_req_connecting": {
            "p(90)": 0,
            "p(95)": 0,
            "p(99)": 2.5023655499999955,
            "avg": 0.1058289715189873,
            "med": 0,
            "min": 0,
            "max": 89.645769
        },
        "http_req_tls_handshaking": {
            "med": 0,
            "min": 0,
            "max": 0,
            "p(90)": 0,
            "p(95)": 0,
            "p(99)": 0,
            "avg": 0
        },
        "http_req_waiting": {
            "p(99)": 81.04105724999987,
            "avg": 12.629958493724498,
            "med": 5.6226725,
            "min": 0.778565,
            "max": 259.436084,
            "p(90)": 32.1211714,
            "p(95)": 47.00688569999999
        },
        "iterations": {
            "count": 4661,
            "rate": 50.986777960821755
        },
        "http_reqs": {
            "rate": 203.94711184328702,
            "count": 18644
        },
        "http_req_duration": {
            "avg": 12.689891299721124,
            "med": 5.682833499999999,
            "min": 0.829452,
            "max": 259.499866,
            "p(90)": 32.19895130000001,
            "p(95)": 47.05738639999998,
            "p(99)": 81.09601577999986
        },
        "http_req_blocked": {
            "min": 0.000456,
            "max": 89.843051,
            "p(90)": 0.006587100000000002,
            "p(95)": 0.00917985,
            "p(99)": 2.5883218599999966,
            "avg": 0.11103001550096492,
            "med": 0.002633
        },
        "iteration_duration": {
            "avg": 1051.9377118459522,
            "med": 1031.868631,
            "min": 1005.100773,
            "max": 1437.482247,
            "p(90)": 1132.086332,
            "p(95)": 1169.119549,
            "p(99)": 1386.0999023999982
        },
        "vus": {
            "value": 2,
            "min": 1,
            "max": 199
        },
        "data_sent": {
            "rate": 36353.57268606591,
            "count": 3323293
        },
        "data_received": {
            "count": 5854216,
            "rate": 64039.39311879212
        }
    }
}