{
    "metrics": {
        "vus_max": {
            "min": 200,
            "max": 200,
            "value": 200
        },
        "vus": {
            "value": 17,
            "min": 1,
            "max": 199
        },
        "data_sent": {
            "count": 3286206,
            "rate": 35792.157887924426
        },
        "iteration_duration": {
            "p(90)": 1064.0153604,
            "p(95)": 1075.35526515,
            "p(99)": 1089.08857868,
            "avg": 1024.788908555462,
            "med": 1013.8190850000001,
            "min": 1004.718192,
            "max": 1149.608118
        },
        "http_req_failed": {
            "passes": 18968,
            "fails": 0,
            "value": 1
        },
        "http_req_receiving": {
            "p(99)": 0.22464433,
            "avg": 0.05084725326866296,
            "med": 0.0400155,
            "min": 0.007157,
            "max": 3.393723,
            "p(90)": 0.08638159999999995,
            "p(95)": 0.10812124999999995
        },
        "http_reqs": {
            "count": 18968,
            "rate": 206.59254192164173
        },
        "http_req_connecting": {
            "p(95)": 0,
            "p(99)": 1.8839282799999597,
            "avg": 0.06444324230282582,
            "med": 0,
            "min": 0,
            "max": 59.680811,
            "p(90)": 0
        },
        "http_req_waiting": {
            "med": 2.7607454999999996,
            "min": 0.949688,
            "max": 296.300819,
            "p(90)": 15.349700099999998,
            "p(95)": 22.13919934999996,
            "p(99)": 35.527975799999474,
            "avg": 6.050421078553363
        },
        "http_req_blocked": {
            "p(90)": 0.005937299999999999,
            "p(95)": 0.00724,
            "p(99)": 1.974624409999961,
            "avg": 0.07033801175664281,
            "med": 0.003228,
            "min": 0.000596,
            "max": 59.788696
        },
        "http_req_duration": {
            "med": 2.8248075,
            "min": 0.978177,
            "max": 296.392067,
            "p(90)": 15.419456099999998,
            "p(95)": 22.21916749999999,
            "p(99)": 35.59984519999958,
            "avg": 6.115890512652874
        },
        "http_req_tls_handshaking": {
            "avg": 0,
            "med": 0,
            "min": 0,
            "max": 0,
            "p(90)": 0,
            "p(95)": 0,
            "p(99)": 0
        },
        "http_req_sending": {
            "med": 0.011017,
            "min": 0.002572,
            "max": 1.452766,
            "p(90)": 0.021324299999999997,
            "p(95)": 0.032908749999999966,
            "p(99)": 0.09315543999999931,
            "avg": 0.014622180830873027
        },
        "data_received": {
            "count": 5955952,
            "rate": 64870.0581633955
        },
        "iterations": {
            "count": 4742,
            "rate": 51.64813548041043
        }
    },
    "root_group": {
        "path": "",
        "id": "d41d8cd98f00b204e9800998ecf8427e",
        "groups": {},
        "checks": {},
        "name": ""
    }
}