{
    "root_group": {
        "id": "d41d8cd98f00b204e9800998ecf8427e",
        "groups": {},
        "checks": {},
        "name": "",
        "path": ""
    },
    "metrics": {
        "http_req_connecting": {
            "min": 0,
            "max": 88.217468,
            "p(90)": 0,
            "p(95)": 0,
            "p(99)": 2.3932867000000035,
            "avg": 0.11972169779203828,
            "med": 0
        },
        "http_req_tls_handshaking": {
            "p(99)": 0,
            "avg": 0,
            "med": 0,
            "min": 0,
            "max": 0,
            "p(90)": 0,
            "p(95)": 0
        },
        "http_reqs": {
            "count": 18388,
            "rate": 201.22492751677274
        },
        "http_req_failed": {
            "passes": 18388,
            "fails": 0,
            "value": 1
        },
        "data_received": {
            "count": 5773832,
            "rate": 63184.62724026664
        },
        "iteration_duration": {
            "p(99)": 1311.44923408,
            "avg": 1063.156930923644,
            "med": 1049.830234,
            "min": 1006.644363,
            "max": 1400.677342,
            "p(90)": 1138.941331,
            "p(95)": 1162.935442
        },
        "http_req_sending": {
            "avg": 0.021474912170981013,
            "med": 0.0132745,
            "min": 0.002959,
            "max": 14.101314,
            "p(90)": 0.02931629999999999,
            "p(95)": 0.04600719999999985,
            "p(99)": 0.13800894000000025
        },
        "data_sent": {
            "count": 3185721,
            "rate": 34862.218692280876
        },
        "http_req_waiting": {
            "min": 1.086261,
            "max": 218.562141,
            "p(90)": 34.8485253,
            "p(95)": 43.77971344999996,
            "p(99)": 68.56680645000026,
            "avg": 15.248735861866383,
            "med": 9.415909500000001
        },
        "vus": {
            "value": 29,
            "min": 1,
            "max": 199
        },
        "http_req_receiving": {
            "med": 0.047032500000000005,
            "min": 0.008232,
            "max": 13.886937,
            "p(90)": 0.11898669999999997,
            "p(95)": 0.1583876499999999,
            "p(99)": 0.41101837000000035,
            "avg": 0.07121132347182903
        },
        "vus_max": {
            "value": 200,
            "min": 200,
            "max": 200
        },
        "http_req_duration": {
            "max": 218.597536,
            "p(90)": 34.94270559999999,
            "p(95)": 43.848495099999994,
            "p(99)": 68.61974752000027,
            "avg": 15.341422097509193,
            "med": 9.526208,
            "min": 1.163643
        },
        "iterations": {
            "count": 4597,
            "rate": 50.306231879193184
        },
        "http_req_blocked": {
            "p(90)": 0.007529899999999997,
            "p(95)": 0.009289899999999986,
            "p(99)": 2.5276823400000046,
            "avg": 0.1274910693386995,
            "med": 0.003985,
            "min": 0.000685,
            "max": 88.351026
        }
    }
}