{
    "metrics": {
        "http_reqs": {
            "rate": 206.62985464765077,
            "count": 18900
        },
        "vus_max": {
            "value": 200,
            "min": 200,
            "max": 200
        },
        "data_received": {
            "count": 5934600,
            "rate": 64881.77435936234
        },
        "http_req_tls_handshaking": {
            "avg": 0,
            "med": 0,
            "min": 0,
            "max": 0,
            "p(90)": 0,
            "p(95)": 0,
            "p(99)": 0
        },
        "data_sent": {
            "count": 3274425,
            "rate": 35798.62231770549
        },
        "iterations": {
            "count": 4725,
            "rate": 51.65746366191269
        },
        "http_req_connecting": {
            "max": 45.487106,
            "p(90)": 0,
            "p(95)": 0,
            "p(99)": 2.381745949999967,
            "avg": 0.1004696398941799,
            "med": 0,
            "min": 0
        },
        "http_req_waiting": {
            "p(90)": 22.37233030000005,
            "p(95)": 32.62578664999999,
            "p(99)": 58.970097059999944,
            "avg": 8.619133041534385,
            "med": 4.1450845,
            "min": 0.714458,
            "max": 146.082257
        },
        "http_req_receiving": {
            "min": 0.005534,
            "max": 1.203418,
            "p(90)": 0.0838470000000001,
            "p(95)": 0.10716724999999999,
            "p(99)": 0.1703651299999998,
            "avg": 0.04473053407407372,
            "med": 0.0338845
        },
        "iteration_duration": {
            "max": 1241.444613,
            "p(90)": 1084.8595406,
            "p(95)": 1111.2321248,
            "p(99)": 1209.8035523200012,
            "avg": 1036.0014807003163,
            "med": 1019.892079,
            "min": 1004.739621
        },
        "http_req_failed": {
            "passes": 18900,
            "fails": 0,
            "value": 1
        },
        "vus": {
            "value": 199,
            "min": 1,
            "max": 199
        },
        "http_req_duration": {
            "p(99)": 58.99110076999993,
            "avg": 8.67790821798947,
            "med": 4.192149,
            "min": 0.761139,
            "max": 146.174024,
            "p(90)": 22.48023940000002,
            "p(95)": 32.68143389999999
        },
        "http_req_blocked": {
            "avg": 0.10553578052910002,
            "med": 0.002525,
            "min": 0.000475,
            "max": 45.644815,
            "p(90)": 0.006555100000000002,
            "p(95)": 0.009187099999999998,
            "p(99)": 2.4625569399999687
        },
        "http_req_sending": {
            "p(90)": 0.024567900000000018,
            "p(95)": 0.032863649999999994,
            "p(99)": 0.10320145999999912,
            "avg": 0.014044642380952422,
            "med": 0.0086295,
            "min": 0.002229,
            "max": 2.663151
        }
    },
    "root_group": {
        "checks": {},
        "name": "",
        "path": "",
        "id": "d41d8cd98f00b204e9800998ecf8427e",
        "groups": {}
    }
}