{
    "root_group": {
        "path": "",
        "id": "d41d8cd98f00b204e9800998ecf8427e",
        "groups": {},
        "checks": {},
        "name": ""
    },
    "metrics": {
        "http_req_tls_handshaking": {
            "med": 0,
            "min": 0,
            "max": 0,
            "p(90)": 0,
            "p(95)": 0,
            "p(99)": 0,
            "avg": 0
        },
        "http_req_duration": {
            "p(90)": 58.61908,
            "p(95)": 65.05312499999995,
            "p(99)": 78.65043900000009,
            "avg": 25.045494871794872,
            "med": 7.51565,
            "min": 3.9704,
            "max": 95.0586
        },
        "http_req_waiting": {
            "p(95)": 64.97771999999996,
            "p(99)": 78.07442600000007,
            "avg": 24.823157692307692,
            "med": 7.3364,
            "min": 3.9704,
            "max": 94.4571,
            "p(90)": 58.61908
        },
        "data_received": {
            "rate": 2336.6883333490046,
            "count": 65234
        },
        "vus_max": {
            "min": 1,
            "max": 1,
            "value": 1
        },
        "iteration_duration": {
            "avg": 1076.3879040000002,
            "med": 1070.0585,
            "min": 1062.0881,
            "max": 1192.7633,
            "p(90)": 1083.42216,
            "p(95)": 1088.26848,
            "p(99)": 1167.969692
        },
        "http_req_connecting": {
            "max": 0.5344,
            "p(90)": 0,
            "p(95)": 0,
            "p(99)": 0.12291200000000212,
            "avg": 0.006851282051282051,
            "med": 0,
            "min": 0
        },
        "http_req_failed": {
            "passes": 26,
            "fails": 52,
            "value": 0.3333333333333333
        },
        "http_reqs": {
            "count": 78,
            "rate": 2.7939677162403402
        },
        "http_req_duration{expected_response:true}": {
            "p(95)": 66.29077499999998,
            "p(99)": 72.44941200000001,
            "avg": 32.194284615384625,
            "med": 38.58285,
            "min": 3.9704,
            "max": 73.7493,
            "p(90)": 60.47546
        },
        "http_req_blocked": {
            "max": 8.2328,
            "p(90)": 0,
            "p(95)": 0,
            "p(99)": 1.8935440000000325,
            "avg": 0.10554871794871794,
            "med": 0,
            "min": 0
        },
        "http_req_sending": {
            "p(99)": 0.5334310000000001,
            "avg": 0.020585897435897435,
            "med": 0,
            "min": 0,
            "max": 0.5563,
            "p(90)": 0,
            "p(95)": 0
        },
        "http_req_receiving": {
            "avg": 0.20175128205128207,
            "med": 0,
            "min": 0,
            "max": 5.8951,
            "p(90)": 0.58455,
            "p(95)": 0.6841599999999995,
            "p(99)": 1.9972060000000202
        },
        "iterations": {
            "count": 25,
            "rate": 0.8955024731539553
        },
        "vus": {
            "value": 1,
            "min": 1,
            "max": 1
        },
        "data_sent": {
            "count": 30628,
            "rate": 1097.0979899103736
        }
    }
}