{
    "metrics": {
        "http_req_failed": {
            "fails": 0,
            "passes": 19140,
            "value": 1
        },
        "vus_max": {
            "value": 200,
            "min": 200,
            "max": 200
        },
        "vus": {
            "value": 199,
            "min": 1,
            "max": 199
        },
        "http_req_sending": {
            "p(99)": 0.09620722000000012,
            "avg": 0.01542223484848489,
            "med": 0.009961,
            "min": 0.002163,
            "max": 5.411904,
            "p(90)": 0.026161400000000008,
            "p(95)": 0.03565124999999998
        },
        "http_req_receiving": {
            "p(90)": 0.09293550000000003,
            "p(95)": 0.11482699999999998,
            "p(99)": 0.19092560000000072,
            "avg": 0.052714446185997854,
            "med": 0.0415335,
            "min": 0.00429,
            "max": 2.135556
        },
        "iteration_duration": {
            "med": 1014.074695,
            "min": 1003.973686,
            "max": 1138.840098,
            "p(90)": 1042.1442504000001,
            "p(95)": 1053.5747867999999,
            "p(99)": 1078.85655148,
            "avg": 1019.3315895465021
        },
        "http_req_connecting": {
            "max": 22.474065,
            "p(90)": 0,
            "p(95)": 0,
            "p(99)": 1.9625634600000255,
            "avg": 0.055171199791013585,
            "med": 0,
            "min": 0
        },
        "http_req_waiting": {
            "min": 0,
            "max": 59.20353,
            "p(90)": 10.147674600000004,
            "p(95)": 13.354967299999997,
            "p(99)": 20.925981430000014,
            "avg": 4.472014800992673,
            "med": 2.869338
        },
        "http_req_blocked": {
            "med": 0.0030145,
            "min": 0.000529,
            "max": 22.612054,
            "p(90)": 0.006931100000000002,
            "p(95)": 0.008986099999999999,
            "p(99)": 2.054446460000007,
            "avg": 0.06068951760710533
        },
        "http_req_tls_handshaking": {
            "avg": 0,
            "med": 0,
            "min": 0,
            "max": 0,
            "p(90)": 0,
            "p(95)": 0,
            "p(99)": 0
        },
        "data_sent": {
            "count": 3411705,
            "rate": 37582.51311997144
        },
        "http_reqs": {
            "count": 19140,
            "rate": 210.84158833083558
        },
        "http_req_duration": {
            "max": 59.241557,
            "p(90)": 10.237957100000004,
            "p(95)": 13.463697199999988,
            "p(99)": 20.995241730000004,
            "avg": 4.540151482027151,
            "med": 2.9355434999999996,
            "min": 0.022139
        },
        "data_received": {
            "count": 6009960,
            "rate": 66204.25873588237
        },
        "iterations": {
            "count": 4785,
            "rate": 52.710397082708894
        }
    },
    "root_group": {
        "name": "",
        "path": "",
        "id": "d41d8cd98f00b204e9800998ecf8427e",
        "groups": {},
        "checks": {}
    }
}