{
    "metrics": {
        "http_req_sending": {
            "min": 0.002232,
            "max": 5.457685,
            "p(90)": 0.0266835,
            "p(95)": 0.03755175,
            "p(99)": 0.106544,
            "avg": 0.01574825325015725,
            "med": 0.009686
        },
        "http_req_blocked": {
            "max": 60.565449,
            "p(90)": 0.007478500000000001,
            "p(95)": 0.0097325,
            "p(99)": 1.99390275,
            "avg": 0.062288516041098724,
            "med": 0.0029814999999999998,
            "min": 0.000427
        },
        "http_req_tls_handshaking": {
            "avg": 0,
            "med": 0,
            "min": 0,
            "max": 0,
            "p(90)": 0,
            "p(95)": 0,
            "p(99)": 0
        },
        "http_req_failed": {
            "passes": 19076,
            "fails": 0,
            "value": 1
        },
        "data_received": {
            "count": 5989864,
            "rate": 65929.55855453653
        },
        "iteration_duration": {
            "max": 1194.389196,
            "p(90)": 1041.218662,
            "p(95)": 1057.321578,
            "p(99)": 1095.9983128,
            "avg": 1019.6328253038361,
            "med": 1013.61574,
            "min": 1003.715193
        },
        "vus_max": {
            "value": 200,
            "min": 200,
            "max": 200
        },
        "http_reqs": {
            "count": 19076,
            "rate": 209.96674698896987
        },
        "data_sent": {
            "rate": 37426.57265078388,
            "count": 3400297
        },
        "http_req_connecting": {
            "max": 60.465708,
            "p(90)": 0,
            "p(95)": 0,
            "p(99)": 1.88809825,
            "avg": 0.056737962413503866,
            "med": 0,
            "min": 0
        },
        "http_req_waiting": {
            "p(90)": 9.8221455,
            "p(95)": 14.099622,
            "p(99)": 23.0947335,
            "avg": 4.5376117264625755,
            "med": 2.7882480000000003,
            "min": 0,
            "max": 123.893101
        },
        "iterations": {
            "count": 4769,
            "rate": 52.49168674724247
        },
        "http_req_duration": {
            "avg": 4.604633214772489,
            "med": 2.8537850000000002,
            "min": 0.014484,
            "max": 124.013341,
            "p(90)": 9.927435,
            "p(95)": 14.2029355,
            "p(99)": 23.132937
        },
        "vus": {
            "max": 199,
            "value": 8,
            "min": 1
        },
        "http_req_receiving": {
            "p(95)": 0.1154555,
            "p(99)": 0.1858785,
            "avg": 0.051273235059760724,
            "med": 0.039615,
            "min": 0.005553,
            "max": 2.684026,
            "p(90)": 0.09340999999999999
        }
    },
    "root_group": {
        "name": "",
        "path": "",
        "id": "d41d8cd98f00b204e9800998ecf8427e",
        "groups": {},
        "checks": {}
    }
}