{
    "metrics": {
        "data_sent": {
            "rate": 37603.28148746553,
            "count": 3416696
        },
        "http_req_connecting": {
            "med": 0,
            "min": 0,
            "max": 28.720762,
            "p(90)": 0,
            "p(95)": 0,
            "p(99)": 1.7956870199999393,
            "avg": 0.05547021415901502
        },
        "http_req_sending": {
            "min": 0.002088,
            "max": 2.645174,
            "p(90)": 0.027017199999999995,
            "p(95)": 0.03774014999999993,
            "p(99)": 0.11203215999999952,
            "avg": 0.016034746504590882,
            "med": 0.009607
        },
        "vus": {
            "value": 27,
            "min": 1,
            "max": 199
        },
        "http_req_tls_handshaking": {
            "avg": 0,
            "med": 0,
            "min": 0,
            "max": 0,
            "p(90)": 0,
            "p(95)": 0,
            "p(99)": 0
        },
        "iterations": {
            "count": 4792,
            "rate": 52.7395252278619
        },
        "http_req_blocked": {
            "max": 28.827114,
            "p(90)": 0.0074525999999999985,
            "p(95)": 0.009620649999999998,
            "p(99)": 1.8896539599999387,
            "avg": 0.061026142111853116,
            "med": 0.0028945,
            "min": 0.00048
        },
        "http_req_duration": {
            "p(95)": 14.545319949999978,
            "p(99)": 23.974939029999966,
            "avg": 4.825680867644005,
            "med": 3.0450425,
            "min": 0.668206,
            "max": 125.588828,
            "p(90)": 10.505914999999998
        },
        "http_req_waiting": {
            "avg": 4.758881419553404,
            "med": 2.9776385000000003,
            "min": 0.633212,
            "max": 125.358161,
            "p(90)": 10.436923599999998,
            "p(95)": 14.469708999999995,
            "p(99)": 23.851424749999985
        },
        "data_received": {
            "count": 6018752,
            "rate": 66240.84368619454
        },
        "http_req_failed": {
            "passes": 19168,
            "fails": 0,
            "value": 1
        },
        "iteration_duration": {
            "p(90)": 1043.9822379,
            "p(95)": 1053.1759407499999,
            "p(99)": 1087.2356768099999,
            "avg": 1020.4965227324702,
            "med": 1014.7501305000001,
            "min": 1003.862794,
            "max": 1158.388694
        },
        "vus_max": {
            "value": 200,
            "min": 200,
            "max": 200
        },
        "http_req_receiving": {
            "med": 0.038322999999999996,
            "min": 0.00505,
            "max": 4.420463,
            "p(90)": 0.0919277,
            "p(95)": 0.11483339999999992,
            "p(99)": 0.1963374599999997,
            "avg": 0.050764701585976256
        },
        "http_reqs": {
            "count": 19168,
            "rate": 210.9581009114476
        }
    },
    "root_group": {
        "name": "",
        "path": "",
        "id": "d41d8cd98f00b204e9800998ecf8427e",
        "groups": {},
        "checks": {}
    }
}