{
    "root_group": {
        "groups": {},
        "checks": {},
        "name": "",
        "path": "",
        "id": "d41d8cd98f00b204e9800998ecf8427e"
    },
    "metrics": {
        "http_req_connecting": {
            "p(99)": 1.841053359999717,
            "avg": 0.05189013735404503,
            "med": 0,
            "min": 0,
            "max": 26.797809,
            "p(90)": 0,
            "p(95)": 0
        },
        "vus": {
            "max": 199,
            "value": 6,
            "min": 1
        },
        "data_sent": {
            "count": 3323628,
            "rate": 36563.58734926051
        },
        "vus_max": {
            "value": 200,
            "min": 200,
            "max": 200
        },
        "http_req_waiting": {
            "avg": 4.051149378231855,
            "med": 2.6949155,
            "min": 0.702934,
            "max": 86.986536,
            "p(90)": 7.896614500000002,
            "p(95)": 11.402905649999994,
            "p(99)": 25.70170194999975
        },
        "http_req_failed": {
            "passes": 19184,
            "fails": 0,
            "value": 1
        },
        "iterations": {
            "count": 4796,
            "rate": 52.76130930629222
        },
        "data_received": {
            "count": 6023776,
            "rate": 66268.20448870302
        },
        "http_reqs": {
            "count": 19184,
            "rate": 211.04523722516888
        },
        "http_req_receiving": {
            "med": 0.0371355,
            "min": 0.004744,
            "max": 0.883993,
            "p(90)": 0.08651210000000002,
            "p(95)": 0.10591174999999994,
            "p(99)": 0.16813572999999987,
            "avg": 0.04717397002710613
        },
        "http_req_duration": {
            "med": 2.7495705,
            "min": 0.751934,
            "max": 87.1008,
            "p(90)": 7.970406500000003,
            "p(95)": 11.464879549999997,
            "p(99)": 25.7380727499997,
            "avg": 4.1124423704128406
        },
        "iteration_duration": {
            "p(95)": 1045.4257280000002,
            "p(99)": 1106.48044545,
            "avg": 1017.5800040152267,
            "med": 1013.3680175,
            "min": 1003.7577,
            "max": 1146.620665,
            "p(90)": 1029.9648435
        },
        "http_req_tls_handshaking": {
            "max": 0,
            "p(90)": 0,
            "p(95)": 0,
            "p(99)": 0,
            "avg": 0,
            "med": 0,
            "min": 0
        },
        "http_req_sending": {
            "max": 0.57725,
            "p(90)": 0.024263700000000003,
            "p(95)": 0.034147099999999986,
            "p(99)": 0.09824843999999942,
            "avg": 0.014119022153878254,
            "med": 0.0089085,
            "min": 0.002042
        },
        "http_req_blocked": {
            "p(99)": 1.9121473999997427,
            "avg": 0.05720497815888196,
            "med": 0.0027305,
            "min": 0.000451,
            "max": 26.894818,
            "p(90)": 0.006803700000000001,
            "p(95)": 0.009126849999999999
        }
    }
}