{
    "metrics": {
        "http_req_connecting": {
            "p(95)": 0,
            "p(99)": 1.638019329999965,
            "avg": 0.03067769004149376,
            "med": 0,
            "min": 0,
            "max": 33.149537,
            "p(90)": 0
        },
        "iteration_duration": {
            "p(99)": 1048.5547486500002,
            "avg": 1009.6117379261385,
            "med": 1007.2659805000001,
            "min": 1004.725817,
            "max": 1105.597273,
            "p(90)": 1012.8126463,
            "p(95)": 1021.3585411500001
        },
        "http_req_blocked": {
            "p(90)": 0.006261200000000004,
            "p(95)": 0.007322149999999998,
            "p(99)": 1.7496399599999934,
            "avg": 0.03618656535269711,
            "med": 0.003406,
            "min": 0.000627,
            "max": 33.240866
        },
        "vus_max": {
            "value": 200,
            "min": 200,
            "max": 200
        },
        "http_req_tls_handshaking": {
            "max": 0,
            "p(90)": 0,
            "p(95)": 0,
            "p(99)": 0,
            "avg": 0,
            "med": 0,
            "min": 0
        },
        "http_req_receiving": {
            "med": 0.049065,
            "min": 0.006691,
            "max": 0.88763,
            "p(90)": 0.09815780000000002,
            "p(95)": 0.11936279999999996,
            "p(99)": 0.17739324999999997,
            "avg": 0.05807354834024867
        },
        "http_req_sending": {
            "p(90)": 0.02925340000000003,
            "p(95)": 0.04067924999999999,
            "p(99)": 0.08395396999999986,
            "avg": 0.01619628231327811,
            "med": 0.0117495,
            "min": 0.002353,
            "max": 0.767856
        },
        "http_reqs": {
            "count": 19280,
            "rate": 212.12170646140717
        },
        "http_req_duration": {
            "min": 0.85474,
            "max": 57.655174,
            "p(90)": 2.7580358,
            "p(95)": 5.3244915499999985,
            "p(99)": 13.092859939999993,
            "avg": 2.1347424054460613,
            "med": 1.5495355000000002
        },
        "vus": {
            "value": 9,
            "min": 1,
            "max": 199
        },
        "data_received": {
            "count": 6053920,
            "rate": 66606.21582888186
        },
        "http_req_waiting": {
            "avg": 2.0604725747925277,
            "med": 1.474964,
            "min": 0.837797,
            "max": 57.560849,
            "p(90)": 2.6727118000000005,
            "p(95)": 5.234298799999996,
            "p(99)": 13.022351159999994
        },
        "http_req_failed": {
            "fails": 0,
            "passes": 19280,
            "value": 1
        },
        "data_sent": {
            "rate": 36750.0856444388,
            "count": 3340260
        },
        "iterations": {
            "count": 4820,
            "rate": 53.03042661535179
        }
    },
    "root_group": {
        "name": "",
        "path": "",
        "id": "d41d8cd98f00b204e9800998ecf8427e",
        "groups": {},
        "checks": {}
    }
}