{
    "root_group": {
        "path": "",
        "id": "d41d8cd98f00b204e9800998ecf8427e",
        "groups": {},
        "checks": {},
        "name": ""
    },
    "metrics": {
        "data_sent": {
            "count": 3329865,
            "rate": 36651.77492634979
        },
        "http_reqs": {
            "count": 19220,
            "rate": 211.55425642914742
        },
        "http_req_failed": {
            "passes": 19220,
            "fails": 0,
            "value": 1
        },
        "iterations": {
            "count": 4805,
            "rate": 52.888564107286854
        },
        "http_req_waiting": {
            "p(95)": 10.340254349999999,
            "p(99)": 18.270292280000046,
            "avg": 3.6044052891259053,
            "med": 2.5036925,
            "min": 0,
            "max": 34.549203,
            "p(90)": 7.038966900000009
        },
        "http_req_receiving": {
            "min": 0.004635,
            "max": 3.544239,
            "p(90)": 0.08749380000000004,
            "p(95)": 0.10812829999999997,
            "p(99)": 0.17137914000000012,
            "avg": 0.04877634172736742,
            "med": 0.0382645
        },
        "http_req_blocked": {
            "p(95)": 0.009484049999999999,
            "p(99)": 2.126802920000031,
            "avg": 0.05524135941727362,
            "med": 0.002934,
            "min": 0.000454,
            "max": 27.587018,
            "p(90)": 0.007183100000000002
        },
        "http_req_connecting": {
            "med": 0,
            "min": 0,
            "max": 27.493597,
            "p(90)": 0,
            "p(95)": 0,
            "p(99)": 2.011903010000012,
            "avg": 0.04933197585848074
        },
        "vus": {
            "value": 19,
            "min": 1,
            "max": 199
        },
        "vus_max": {
            "max": 200,
            "value": 200,
            "min": 200
        },
        "http_req_tls_handshaking": {
            "p(99)": 0,
            "avg": 0,
            "med": 0,
            "min": 0,
            "max": 0,
            "p(90)": 0,
            "p(95)": 0
        },
        "data_received": {
            "count": 6035080,
            "rate": 66428.0365187523
        },
        "http_req_sending": {
            "min": 0.001729,
            "max": 2.653932,
            "p(90)": 0.025726100000000002,
            "p(95)": 0.03661449999999993,
            "p(99)": 0.10652772000000067,
            "avg": 0.015371052185223673,
            "med": 0.0096775
        },
        "http_req_duration": {
            "med": 2.5603755,
            "min": 0.039664,
            "max": 34.596016,
            "p(90)": 7.117991900000007,
            "p(95)": 10.420884199999998,
            "p(99)": 18.315755350000025,
            "avg": 3.6685526830385053
        },
        "iteration_duration": {
            "p(95)": 1040.5250271999998,
            "p(99)": 1061.9513178,
            "avg": 1015.8580773346536,
            "med": 1012.596815,
            "min": 1003.970407,
            "max": 1113.361466,
            "p(90)": 1028.0258858
        }
    }
}