{
    "root_group": {
        "name": "",
        "path": "",
        "id": "d41d8cd98f00b204e9800998ecf8427e",
        "groups": {},
        "checks": {}
    },
    "metrics": {
        "http_reqs": {
            "count": 18672,
            "rate": 205.6018939508858
        },
        "http_req_duration{expected_response:true}": {
            "avg": 12.219681202656355,
            "med": 7.9169719999999995,
            "min": 0.0277,
            "max": 150.326998,
            "p(90)": 28.167068400000005,
            "p(95)": 36.933955850000004,
            "p(99)": 51.046510950000076
        },
        "data_received": {
            "rate": 76175.50170880319,
            "count": 6917976
        },
        "vus_max": {
            "value": 200,
            "min": 200,
            "max": 200
        },
        "iteration_duration": {
            "p(95)": 1128.32229935,
            "p(99)": 1175.76189221,
            "avg": 1050.3534836321778,
            "med": 1037.6933485,
            "min": 1006.984865,
            "max": 1219.248989,
            "p(90)": 1104.5965680000002
        },
        "http_req_receiving": {
            "min": 0.007206,
            "max": 0.759322,
            "p(90)": 0.0885408,
            "p(95)": 0.10947225000000005,
            "p(99)": 0.16302721000000003,
            "avg": 0.05520673061268202,
            "med": 0.048096
        },
        "http_req_failed": {
            "passes": 0,
            "fails": 18672,
            "value": 0
        },
        "vus": {
            "value": 61,
            "min": 1,
            "max": 199
        },
        "http_req_duration": {
            "p(90)": 28.167068400000005,
            "p(95)": 36.933955850000004,
            "p(99)": 51.046510950000076,
            "avg": 12.219681202656355,
            "med": 7.9169719999999995,
            "min": 0.0277,
            "max": 150.326998
        },
        "http_req_connecting": {
            "avg": 0.0847381466366752,
            "med": 0,
            "min": 0,
            "max": 59.805547,
            "p(90)": 0,
            "p(95)": 0,
            "p(99)": 1.8569864000000493
        },
        "http_req_waiting": {
            "max": 150.263088,
            "p(90)": 28.105335000000007,
            "p(95)": 36.86551145000003,
            "p(99)": 51.00260235000005,
            "avg": 12.151041730023554,
            "med": 7.857298500000001,
            "min": 0
        },
        "http_req_tls_handshaking": {
            "med": 0,
            "min": 0,
            "max": 0,
            "p(90)": 0,
            "p(95)": 0,
            "p(99)": 0,
            "avg": 0
        },
        "http_req_sending": {
            "avg": 0.013432742020137122,
            "med": 0.009684499999999999,
            "min": 0.002142,
            "max": 0.51483,
            "p(90)": 0.022777100000000012,
            "p(95)": 0.029971600000000008,
            "p(99)": 0.07872912000000011
        },
        "iterations": {
            "count": 4668,
            "rate": 51.40047348772145
        },
        "http_req_blocked": {
            "min": 0.000478,
            "max": 150.310855,
            "p(90)": 0.005658800000000003,
            "p(95)": 0.007578,
            "p(99)": 1.9146822600000808,
            "avg": 0.096436624839331,
            "med": 0.002759
        },
        "data_sent": {
            "count": 2674764,
            "rate": 29452.47130846439
        }
    }
}