{
    "root_group": {
        "name": "",
        "path": "",
        "id": "d41d8cd98f00b204e9800998ecf8427e",
        "groups": {},
        "checks": {}
    },
    "metrics": {
        "vus": {
            "value": 35,
            "min": 1,
            "max": 199
        },
        "data_sent": {
            "count": 3387463,
            "rate": 36376.14097403019
        },
        "vus_max": {
            "value": 200,
            "min": 200,
            "max": 200
        },
        "http_req_failed": {
            "passes": 19004,
            "fails": 0,
            "value": 1
        },
        "data_received": {
            "count": 5967256,
            "rate": 64079.148756496375
        },
        "iterations": {
            "count": 4751,
            "rate": 51.01843053861177
        },
        "http_req_sending": {
            "avg": 0.01923694648495052,
            "med": 0.012865,
            "min": 0.002796,
            "max": 6.72717,
            "p(90)": 0.030214100000000008,
            "p(95)": 0.04340874999999995,
            "p(99)": 0.1125544800000001
        },
        "http_req_waiting": {
            "med": 3.249339,
            "min": 0.860017,
            "max": 465.918107,
            "p(90)": 11.6061337,
            "p(95)": 16.67901245,
            "p(99)": 26.04324212000002,
            "avg": 5.36497190970324
        },
        "http_req_duration": {
            "p(99)": 26.14682725000001,
            "avg": 5.473584625605137,
            "med": 3.3258435,
            "min": 0.900464,
            "max": 465.96648,
            "p(90)": 11.709899800000006,
            "p(95)": 16.764176199999994
        },
        "http_req_blocked": {
            "avg": 0.06003831672279507,
            "med": 0.003828,
            "min": 0.000618,
            "max": 28.392105,
            "p(90)": 0.008035800000000003,
            "p(95)": 0.010314099999999991,
            "p(99)": 2.2185381600000236
        },
        "http_req_tls_handshaking": {
            "p(90)": 0,
            "p(95)": 0,
            "p(99)": 0,
            "avg": 0,
            "med": 0,
            "min": 0,
            "max": 0
        },
        "http_req_receiving": {
            "min": 0.005869,
            "max": 462.382571,
            "p(90)": 0.11085010000000003,
            "p(95)": 0.13896489999999995,
            "p(99)": 0.23136030000000057,
            "avg": 0.08937576941696489,
            "med": 0.0533715
        },
        "http_req_connecting": {
            "med": 0,
            "min": 0,
            "max": 28.245797,
            "p(90)": 0,
            "p(95)": 0,
            "p(99)": 2.126413660000023,
            "avg": 0.052968777099558016
        },
        "http_reqs": {
            "count": 19004,
            "rate": 204.07372215444707
        },
        "iteration_duration": {
            "max": 1128.158385,
            "p(90)": 1050.500345,
            "p(95)": 1067.8455625000001,
            "p(99)": 1090.6227,
            "avg": 1022.3493717964623,
            "med": 1015.121561,
            "min": 1005.228973
        }
    }
}