{
    "root_group": {
        "id": "d41d8cd98f00b204e9800998ecf8427e",
        "groups": {},
        "checks": {},
        "name": "",
        "path": ""
    },
    "metrics": {
        "http_req_failed": {
            "passes": 19144,
            "fails": 0,
            "value": 1
        },
        "http_reqs": {
            "count": 19144,
            "rate": 204.66218703449357
        },
        "iteration_duration": {
            "p(99)": 1087.29981685,
            "avg": 1016.7715847597151,
            "med": 1012.0700775,
            "min": 1005.594394,
            "max": 1257.287314,
            "p(90)": 1029.3453679999998,
            "p(95)": 1046.92461725
        },
        "iterations": {
            "count": 4786,
            "rate": 51.16554675862339
        },
        "http_req_blocked": {
            "med": 0.003567,
            "min": 0.000649,
            "max": 65.061554,
            "p(90)": 0.006517700000000001,
            "p(95)": 0.00821885,
            "p(99)": 2.2126418799999894,
            "avg": 0.05464576729001265
        },
        "data_sent": {
            "rate": 35457.72390372601,
            "count": 3316698
        },
        "http_req_duration": {
            "avg": 4.085044036147079,
            "med": 2.7071865,
            "min": 1.118777,
            "max": 493.441219,
            "p(90)": 6.897477800000001,
            "p(95)": 10.919868599999992,
            "p(99)": 23.256524069999983
        },
        "http_req_connecting": {
            "p(95)": 0,
            "p(99)": 2.120050449999986,
            "avg": 0.04668029293773507,
            "med": 0,
            "min": 0,
            "max": 45.122145,
            "p(90)": 0
        },
        "http_req_receiving": {
            "med": 0.0518085,
            "min": 0.006669,
            "max": 1.371371,
            "p(90)": 0.0994859,
            "p(95)": 0.12182934999999988,
            "p(99)": 0.19775352999999998,
            "avg": 0.06080855719807781
        },
        "vus": {
            "value": 23,
            "min": 1,
            "max": 199
        },
        "vus_max": {
            "value": 200,
            "min": 200,
            "max": 200
        },
        "data_received": {
            "count": 6011216,
            "rate": 64263.92672883098
        },
        "http_req_tls_handshaking": {
            "max": 0,
            "p(90)": 0,
            "p(95)": 0,
            "p(99)": 0,
            "avg": 0,
            "med": 0,
            "min": 0
        },
        "http_req_waiting": {
            "min": 1.083944,
            "max": 493.287664,
            "p(90)": 6.801498700000001,
            "p(95)": 10.829598099999997,
            "p(99)": 23.19884100999999,
            "avg": 4.008385175564143,
            "med": 2.6308055
        },
        "http_req_sending": {
            "med": 0.011746,
            "min": 0.002413,
            "max": 0.982649,
            "p(90)": 0.024534100000000003,
            "p(95)": 0.03748179999999999,
            "p(99)": 0.09350714999999991,
            "avg": 0.015850303384872585
        }
    }
}