{
    "metrics": {
        "iterations": {
            "rate": 49.20153802602111,
            "count": 4592
        },
        "http_req_waiting": {
            "min": 0.957237,
            "max": 154.990408,
            "p(90)": 35.2786621,
            "p(95)": 48.571549449999914,
            "p(99)": 83.44188088999998,
            "avg": 14.587990277983396,
            "med": 7.978462
        },
        "http_req_connecting": {
            "avg": 0.12569769479529616,
            "med": 0,
            "min": 0,
            "max": 70.240203,
            "p(90)": 0,
            "p(95)": 0,
            "p(99)": 2.8116670199999745
        },
        "http_req_tls_handshaking": {
            "med": 0,
            "min": 0,
            "max": 0,
            "p(90)": 0,
            "p(95)": 0,
            "p(99)": 0,
            "avg": 0
        },
        "vus_max": {
            "value": 200,
            "min": 200,
            "max": 200
        },
        "http_req_duration": {
            "p(95)": 48.654191499999996,
            "p(99)": 83.51733209999982,
            "avg": 14.66243501039856,
            "med": 8.0513075,
            "min": 1.000545,
            "max": 155.03317,
            "p(90)": 35.3492901
        },
        "http_req_receiving": {
            "max": 5.301398,
            "p(90)": 0.10134079999999998,
            "p(95)": 0.12663214999999997,
            "p(99)": 0.19939924999999997,
            "avg": 0.05726727700348456,
            "med": 0.045153,
            "min": 0.005691
        },
        "data_sent": {
            "rate": 35080.69661255305,
            "count": 3274096
        },
        "http_reqs": {
            "count": 18368,
            "rate": 196.80615210408445
        },
        "http_req_blocked": {
            "p(99)": 2.9489277499998368,
            "avg": 0.1319628033536578,
            "med": 0.0033695,
            "min": 0.000585,
            "max": 70.340792,
            "p(90)": 0.007159,
            "p(95)": 0.009623549999999984
        },
        "http_req_failed": {
            "passes": 18368,
            "fails": 0,
            "value": 1
        },
        "data_received": {
            "count": 5767552,
            "rate": 61797.13176068252
        },
        "iteration_duration": {
            "avg": 1060.216645551832,
            "med": 1038.0910939999999,
            "min": 1006.809406,
            "max": 1374.110114,
            "p(90)": 1131.069279,
            "p(95)": 1180.8249687999999,
            "p(99)": 1278.68549822
        },
        "http_req_sending": {
            "p(90)": 0.027580699999999993,
            "p(95)": 0.040205649999999996,
            "p(99)": 0.11029672999999986,
            "avg": 0.01717745541158525,
            "med": 0.01133,
            "min": 0.002422,
            "max": 5.312197
        },
        "vus": {
            "value": 21,
            "min": 1,
            "max": 199
        }
    },
    "root_group": {
        "name": "",
        "path": "",
        "id": "d41d8cd98f00b204e9800998ecf8427e",
        "groups": {},
        "checks": {}
    }
}