{
    "root_group": {
        "name": "",
        "path": "",
        "id": "d41d8cd98f00b204e9800998ecf8427e",
        "groups": {},
        "checks": {}
    },
    "metrics": {
        "iteration_duration": {
            "p(99)": 1160.71261506,
            "avg": 1045.1652304788556,
            "med": 1029.6802875,
            "min": 1005.565342,
            "max": 1286.889994,
            "p(90)": 1100.4202659,
            "p(95)": 1121.3728228
        },
        "iterations": {
            "count": 4682,
            "rate": 50.17090174608188
        },
        "http_req_connecting": {
            "p(95)": 0,
            "p(99)": 2.3923542899999717,
            "avg": 0.10684317983767613,
            "med": 0,
            "min": 0,
            "max": 104.758371,
            "p(90)": 0
        },
        "data_sent": {
            "count": 3338266,
            "rate": 35771.85294495638
        },
        "vus_max": {
            "max": 200,
            "value": 200,
            "min": 200
        },
        "http_reqs": {
            "count": 18728,
            "rate": 200.68360698432753
        },
        "http_req_receiving": {
            "avg": 0.05280663626655265,
            "med": 0.041283,
            "min": 0.005558,
            "max": 2.041471,
            "p(90)": 0.0965897,
            "p(95)": 0.12081514999999997,
            "p(99)": 0.19259825
        },
        "http_req_duration": {
            "p(99)": 54.832810469999984,
            "avg": 11.626653812900502,
            "med": 6.3242055,
            "min": 0.961194,
            "max": 545.855155,
            "p(90)": 26.25716979999999,
            "p(95)": 35.33770724999995
        },
        "http_req_sending": {
            "max": 7.763379,
            "p(90)": 0.0267519,
            "p(95)": 0.03701769999999996,
            "p(99)": 0.1051376799999999,
            "avg": 0.016309012601452504,
            "med": 0.010484,
            "min": 0.00246
        },
        "http_req_waiting": {
            "p(90)": 26.175312699999996,
            "p(95)": 35.261011949999975,
            "p(99)": 54.75829651999996,
            "avg": 11.557538164032513,
            "med": 6.2605664999999995,
            "min": 0.927521,
            "max": 545.83034
        },
        "http_req_tls_handshaking": {
            "p(99)": 0,
            "avg": 0,
            "med": 0,
            "min": 0,
            "max": 0,
            "p(90)": 0,
            "p(95)": 0
        },
        "data_received": {
            "count": 5880592,
            "rate": 63014.65259307884
        },
        "http_req_blocked": {
            "min": 0.000567,
            "max": 104.855681,
            "p(90)": 0.007227,
            "p(95)": 0.00977059999999999,
            "p(99)": 2.4578445799999993,
            "avg": 0.11388501735369409,
            "med": 0.00307
        },
        "http_req_failed": {
            "passes": 18728,
            "fails": 0,
            "value": 1
        },
        "vus": {
            "value": 199,
            "min": 1,
            "max": 199
        }
    }
}