{
    "root_group": {
        "name": "",
        "path": "",
        "id": "d41d8cd98f00b204e9800998ecf8427e",
        "groups": {},
        "checks": {}
    },
    "metrics": {
        "http_req_connecting": {
            "p(90)": 0,
            "p(95)": 0,
            "p(99)": 2.4095313500000164,
            "avg": 0.11007524994567576,
            "med": 0,
            "min": 0,
            "max": 204.561453
        },
        "iterations": {
            "count": 4602,
            "rate": 49.25262605096461
        },
        "http_req_receiving": {
            "p(90)": 0.0948029,
            "p(95)": 0.11992039999999993,
            "p(99)": 0.19815474000000005,
            "avg": 0.053214979248152695,
            "med": 0.040979,
            "min": 0.006062,
            "max": 6.640613
        },
        "data_received": {
            "count": 5780112,
            "rate": 61861.29832001155
        },
        "vus": {
            "value": 8,
            "min": 1,
            "max": 199
        },
        "http_req_tls_handshaking": {
            "p(99)": 0,
            "avg": 0,
            "med": 0,
            "min": 0,
            "max": 0,
            "p(90)": 0,
            "p(95)": 0
        },
        "http_req_failed": {
            "passes": 18408,
            "fails": 0,
            "value": 1
        },
        "http_reqs": {
            "count": 18408,
            "rate": 197.01050420385843
        },
        "iteration_duration": {
            "avg": 1060.4365163835305,
            "med": 1029.5544065,
            "min": 1005.277027,
            "max": 1474.388854,
            "p(90)": 1132.1137029000001,
            "p(95)": 1189.0454479499995,
            "p(99)": 1413.69470605
        },
        "vus_max": {
            "value": 200,
            "min": 200,
            "max": 200
        },
        "http_req_duration": {
            "avg": 14.782907210343366,
            "med": 6.4248294999999995,
            "min": 0.901184,
            "max": 494.011383,
            "p(90)": 36.106283499999996,
            "p(95)": 51.45869719999999,
            "p(99)": 117.96382824000001
        },
        "http_req_blocked": {
            "min": 0.000557,
            "max": 204.655455,
            "p(90)": 0.006966,
            "p(95)": 0.009605299999999995,
            "p(99)": 2.526224270000001,
            "avg": 0.11619930035853966,
            "med": 0.003017
        },
        "http_req_sending": {
            "p(95)": 0.03781365,
            "p(99)": 0.11410965000000009,
            "avg": 0.016386067470664983,
            "med": 0.0103765,
            "min": 0.002212,
            "max": 6.998106,
            "p(90)": 0.0260683
        },
        "data_sent": {
            "count": 3281226,
            "rate": 35117.12237433776
        },
        "http_req_waiting": {
            "p(99)": 117.92485593,
            "avg": 14.713306163624528,
            "med": 6.3503115,
            "min": 0.853408,
            "max": 493.93454,
            "p(90)": 36.00117569999999,
            "p(95)": 51.42281819999997
        }
    }
}