{
    "metrics": {
        "http_req_tls_handshaking": {
            "p(99)": 0,
            "avg": 0,
            "med": 0,
            "min": 0,
            "max": 0,
            "p(90)": 0,
            "p(95)": 0
        },
        "data_sent": {
            "count": 3253635,
            "rate": 34854.529638576416
        },
        "data_received": {
            "count": 5896920,
            "rate": 63170.691523884525
        },
        "iterations": {
            "rate": 50.29513656360233,
            "count": 4695
        },
        "http_req_failed": {
            "fails": 0,
            "passes": 18780,
            "value": 1
        },
        "http_reqs": {
            "count": 18780,
            "rate": 201.1805462544093
        },
        "http_req_sending": {
            "med": 0.010643,
            "min": 0.002283,
            "max": 5.480561,
            "p(90)": 0.02626850000000001,
            "p(95)": 0.03977099999999999,
            "p(99)": 0.11950584999999984,
            "avg": 0.016714444142705124
        },
        "http_req_receiving": {
            "min": 0.005,
            "max": 2.680764,
            "p(90)": 0.09252980000000002,
            "p(95)": 0.11732825,
            "p(99)": 0.19721770999999944,
            "avg": 0.05225325479233232,
            "med": 0.040984
        },
        "http_req_duration": {
            "min": 0.939921,
            "max": 525.739253,
            "p(90)": 25.465040000000005,
            "p(95)": 34.43231869999998,
            "p(99)": 61.03320449999989,
            "avg": 10.789885154313154,
            "med": 6.112743999999999
        },
        "http_req_blocked": {
            "p(90)": 0.007075200000000004,
            "p(95)": 0.00941405,
            "p(99)": 2.563925909999969,
            "avg": 0.10105475101171427,
            "med": 0.003125,
            "min": 0.000546,
            "max": 104.981627
        },
        "vus": {
            "min": 1,
            "max": 199,
            "value": 60
        },
        "http_req_waiting": {
            "avg": 10.72091745537805,
            "med": 6.044733000000001,
            "min": 0.875691,
            "max": 525.669479,
            "p(90)": 25.364577100000005,
            "p(95)": 34.357280349999996,
            "p(99)": 60.957398309999874
        },
        "iteration_duration": {
            "p(95)": 1126.9395881,
            "p(99)": 1207.7163544200012,
            "avg": 1044.3932914647498,
            "med": 1027.370741,
            "min": 1005.208203,
            "max": 1247.367144,
            "p(90)": 1102.2267202
        },
        "http_req_connecting": {
            "min": 0,
            "max": 104.829614,
            "p(90)": 0,
            "p(95)": 0,
            "p(99)": 2.470877959999959,
            "avg": 0.09519091906283274,
            "med": 0
        },
        "vus_max": {
            "value": 200,
            "min": 200,
            "max": 200
        }
    },
    "root_group": {
        "name": "",
        "path": "",
        "id": "d41d8cd98f00b204e9800998ecf8427e",
        "groups": {},
        "checks": {}
    }
}