{
    "root_group": {
        "checks": {},
        "name": "",
        "path": "",
        "id": "d41d8cd98f00b204e9800998ecf8427e",
        "groups": {}
    },
    "metrics": {
        "http_req_failed": {
            "passes": 18476,
            "fails": 0,
            "value": 1
        },
        "data_sent": {
            "count": 3200967,
            "rate": 34295.467916325004
        },
        "data_received": {
            "count": 5801464,
            "rate": 62157.44257273334
        },
        "iteration_duration": {
            "avg": 1052.6621707789586,
            "med": 1031.20679,
            "min": 1005.402916,
            "max": 1470.591597,
            "p(90)": 1114.1715684,
            "p(95)": 1156.6675344,
            "p(99)": 1240.83781938
        },
        "vus": {
            "value": 37,
            "min": 1,
            "max": 199
        },
        "iterations": {
            "count": 4619,
            "rate": 49.48840969166667
        },
        "http_req_blocked": {
            "avg": 0.11863909839792168,
            "med": 0.003103,
            "min": 0.00057,
            "max": 70.365823,
            "p(90)": 0.0072724999999999995,
            "p(95)": 0.010162000000000001,
            "p(99)": 2.646027
        },
        "http_req_connecting": {
            "med": 0,
            "min": 0,
            "max": 70.271331,
            "p(90)": 0,
            "p(95)": 0,
            "p(99)": 2.52708625,
            "avg": 0.11136677289456594
        },
        "http_req_tls_handshaking": {
            "p(90)": 0,
            "p(95)": 0,
            "p(99)": 0,
            "avg": 0,
            "med": 0,
            "min": 0,
            "max": 0
        },
        "http_req_receiving": {
            "max": 6.003493,
            "p(90)": 0.097836,
            "p(95)": 0.12182625,
            "p(99)": 0.19339475,
            "avg": 0.05295718045031416,
            "med": 0.0410525,
            "min": 0.006165
        },
        "vus_max": {
            "value": 200,
            "min": 200,
            "max": 200
        },
        "http_req_duration": {
            "p(95)": 41.281203999999995,
            "p(99)": 87.03494875,
            "avg": 12.973721061214563,
            "med": 6.4527695000000005,
            "min": 0.978279,
            "max": 530.177919,
            "p(90)": 31.037041000000002
        },
        "http_req_waiting": {
            "med": 6.376101,
            "min": 0.928103,
            "max": 530.066296,
            "p(90)": 30.9424185,
            "p(95)": 41.25038275,
            "p(99)": 86.99788475,
            "avg": 12.904664108573254
        },
        "http_reqs": {
            "count": 18476,
            "rate": 197.95363876666667
        },
        "http_req_sending": {
            "p(99)": 0.11856850000000001,
            "avg": 0.016099772190950386,
            "med": 0.010659,
            "min": 0.002209,
            "max": 0.781801,
            "p(90)": 0.026796,
            "p(95)": 0.03893225
        }
    }
}