{
    "root_group": {
        "checks": {},
        "name": "",
        "path": "",
        "id": "d41d8cd98f00b204e9800998ecf8427e",
        "groups": {}
    },
    "metrics": {
        "http_req_receiving": {
            "avg": 0.05143777385311186,
            "med": 0.040237,
            "min": 0.005141,
            "max": 7.767884,
            "p(90)": 0.09101560000000006,
            "p(95)": 0.11577125000000002,
            "p(99)": 0.18737264000000012
        },
        "vus": {
            "value": 199,
            "min": 1,
            "max": 199
        },
        "http_req_sending": {
            "max": 3.332455,
            "p(90)": 0.0252629,
            "p(95)": 0.0363927,
            "p(99)": 0.10903444000000038,
            "avg": 0.01606475608442814,
            "med": 0.010472,
            "min": 0.002134
        },
        "iterations": {
            "count": 4643,
            "rate": 49.86380670176789
        },
        "http_reqs": {
            "count": 18572,
            "rate": 199.45522680707157
        },
        "http_req_failed": {
            "passes": 18572,
            "fails": 0,
            "value": 1
        },
        "data_sent": {
            "count": 3217599,
            "rate": 34555.61804432515
        },
        "http_req_waiting": {
            "p(99)": 65.38382792000004,
            "avg": 13.322434860758129,
            "med": 7.29514,
            "min": 1.099985,
            "max": 360.954769,
            "p(90)": 33.0665114,
            "p(95)": 44.59236100000001
        },
        "http_req_duration": {
            "avg": 13.389937390695733,
            "med": 7.3612985,
            "min": 1.160443,
            "max": 361.004666,
            "p(90)": 33.1594732,
            "p(95)": 44.65351570000001,
            "p(99)": 65.45573684000007
        },
        "http_req_blocked": {
            "avg": 0.11620406585181971,
            "med": 0.003031,
            "min": 0.000527,
            "max": 79.394819,
            "p(90)": 0.006916900000000002,
            "p(95)": 0.00936845,
            "p(99)": 2.876117460000093
        },
        "data_received": {
            "count": 5831608,
            "rate": 62628.94121742047
        },
        "http_req_tls_handshaking": {
            "med": 0,
            "min": 0,
            "max": 0,
            "p(90)": 0,
            "p(95)": 0,
            "p(99)": 0,
            "avg": 0
        },
        "vus_max": {
            "value": 200,
            "min": 200,
            "max": 200
        },
        "iteration_duration": {
            "med": 1034.665802,
            "min": 1006.435045,
            "max": 1306.825979,
            "p(90)": 1133.131319,
            "p(95)": 1163.3319558999995,
            "p(99)": 1192.32398446,
            "avg": 1053.9102567204382
        },
        "http_req_connecting": {
            "avg": 0.11007942176394568,
            "med": 0,
            "min": 0,
            "max": 79.158555,
            "p(90)": 0,
            "p(95)": 0,
            "p(99)": 2.7641981000000415
        }
    }
}