{
    "root_group": {
        "checks": {},
        "name": "",
        "path": "",
        "id": "d41d8cd98f00b204e9800998ecf8427e",
        "groups": {}
    },
    "metrics": {
        "http_req_duration": {
            "p(99)": 151.5756509999999,
            "avg": 34.49750130914826,
            "med": 11.8413,
            "min": 0.5395,
            "max": 355.6754,
            "p(90)": 111.62428000000001,
            "p(95)": 127.53974999999997
        },
        "http_req_tls_handshaking": {
            "min": 0,
            "max": 0,
            "p(90)": 0,
            "p(95)": 0,
            "p(99)": 0,
            "avg": 0,
            "med": 0
        },
        "iteration_duration": {
            "p(95)": 1182.742,
            "p(99)": 1226.4848319999999,
            "avg": 1139.4645076971608,
            "med": 1136.2891,
            "min": 1077.3177,
            "max": 1392.7479,
            "p(90)": 1173.61624
        },
        "http_req_duration{expected_response:true}": {
            "p(95)": 127.53974999999997,
            "p(99)": 151.5756509999999,
            "avg": 34.49750130914826,
            "med": 11.8413,
            "min": 0.5395,
            "max": 355.6754,
            "p(90)": 111.62428000000001
        },
        "vus": {
            "max": 15,
            "value": 15,
            "min": 15
        },
        "data_received": {
            "count": 13329850,
            "rate": 110483.86091865876
        },
        "http_req_blocked": {
            "p(99)": 0.5343,
            "avg": 0.04206835962145111,
            "med": 0,
            "min": 0,
            "max": 15.0599,
            "p(90)": 0,
            "p(95)": 0
        },
        "http_req_sending": {
            "p(90)": 0,
            "p(95)": 0,
            "p(99)": 0.580461,
            "avg": 0.03619441640378549,
            "med": 0,
            "min": 0,
            "max": 68.9268
        },
        "http_req_receiving": {
            "p(90)": 0.5461,
            "p(95)": 0.5871,
            "p(99)": 0.9880689999999958,
            "avg": 0.13926028391167194,
            "med": 0,
            "min": 0,
            "max": 66.1422
        },
        "http_req_failed": {
            "passes": 0,
            "fails": 6340,
            "value": 0
        },
        "http_req_waiting": {
            "p(95)": 127.51453499999998,
            "p(99)": 151.36518399999994,
            "avg": 34.32204660883282,
            "med": 11.7363,
            "min": 0.5395,
            "max": 355.013,
            "p(90)": 111.58707000000001
        },
        "http_reqs": {
            "count": 6340,
            "rate": 52.54880424193044
        },
        "http_req_connecting": {
            "avg": 0.0019394794952681392,
            "med": 0,
            "min": 0,
            "max": 1.7369,
            "p(90)": 0,
            "p(95)": 0,
            "p(99)": 0
        },
        "vus_max": {
            "value": 15,
            "min": 15,
            "max": 15
        },
        "data_sent": {
            "count": 2312515,
            "rate": 19167.176347244127
        },
        "iterations": {
            "count": 1585,
            "rate": 13.13720106048261
        }
    }
}