{
    "metrics": {
        "data_received": {
            "count": 941920,
            "rate": 7848.095041277484
        },
        "http_req_blocked": {
            "p(90)": 0,
            "p(95)": 0,
            "p(99)": 0,
            "avg": 0.028182812499999998,
            "med": 0,
            "min": 0,
            "max": 11.9543
        },
        "http_req_duration": {
            "avg": 17.605869866071426,
            "med": 6.5438,
            "min": 0.523,
            "max": 81.6957,
            "p(90)": 54.707530000000006,
            "p(95)": 58.12182,
            "p(99)": 64.52128999999996
        },
        "iteration_duration": {
            "p(99)": 1115.621198,
            "avg": 1071.5976241071428,
            "med": 1069.10995,
            "min": 1061.802,
            "max": 1143.9996,
            "p(90)": 1081.13879,
            "p(95)": 1085.6829400000001
        },
        "iterations": {
            "count": 112,
            "rate": 0.9331860928986306
        },
        "http_req_duration{expected_response:true}": {
            "min": 0.523,
            "max": 81.6957,
            "p(90)": 54.707530000000006,
            "p(95)": 58.12182,
            "p(99)": 64.52128999999996,
            "avg": 17.605869866071426,
            "med": 6.5438
        },
        "http_req_connecting": {
            "p(90)": 0,
            "p(95)": 0,
            "p(99)": 0,
            "avg": 0.0011526785714285714,
            "med": 0,
            "min": 0,
            "max": 0.5164
        },
        "http_req_receiving": {
            "avg": 0.09527812500000002,
            "med": 0,
            "min": 0,
            "max": 1.5325,
            "p(90)": 0.51396,
            "p(95)": 0.5695399999999998,
            "p(99)": 0.7921579999999967
        },
        "http_req_sending": {
            "p(90)": 0,
            "p(95)": 0,
            "p(99)": 0.5666249999999994,
            "avg": 0.021526562500000006,
            "med": 0,
            "min": 0,
            "max": 1.1691
        },
        "vus_max": {
            "value": 1,
            "min": 1,
            "max": 1
        },
        "vus": {
            "value": 1,
            "min": 1,
            "max": 1
        },
        "data_sent": {
            "count": 163408,
            "rate": 1361.518509539102
        },
        "http_req_failed": {
            "fails": 448,
            "passes": 0,
            "value": 0
        },
        "http_req_tls_handshaking": {
            "avg": 0,
            "med": 0,
            "min": 0,
            "max": 0,
            "p(90)": 0,
            "p(95)": 0,
            "p(99)": 0
        },
        "http_req_waiting": {
            "avg": 17.489065178571426,
            "med": 6.3278,
            "min": 0.523,
            "max": 81.184,
            "p(90)": 54.46204000000001,
            "p(95)": 58.12182,
            "p(99)": 64.52128999999996
        },
        "http_reqs": {
            "count": 448,
            "rate": 3.7327443715945225
        }
    },
    "root_group": {
        "name": "",
        "path": "",
        "id": "d41d8cd98f00b204e9800998ecf8427e",
        "groups": {},
        "checks": {}
    }
}