{
    "metrics": {
        "http_req_waiting": {
            "avg": 22.81774278584389,
            "med": 8.7405,
            "min": 0.5268,
            "max": 233.4701,
            "p(90)": 68.41721000000001,
            "p(95)": 75.17558499999998,
            "p(99)": 98.078222
        },
        "http_req_tls_handshaking": {
            "p(90)": 0,
            "p(95)": 0,
            "p(99)": 0,
            "avg": 0,
            "med": 0,
            "min": 0,
            "max": 0
        },
        "http_req_sending": {
            "min": 0,
            "max": 1.5133,
            "p(90)": 0,
            "p(95)": 0,
            "p(99)": 0.5531300000000003,
            "avg": 0.014938815789473682,
            "med": 0
        },
        "vus_max": {
            "min": 10,
            "max": 10,
            "value": 10
        },
        "http_req_connecting": {
            "p(90)": 0,
            "p(95)": 0,
            "p(99)": 0,
            "avg": 0.0030128176043557166,
            "med": 0,
            "min": 0,
            "max": 1.6945
        },
        "iteration_duration": {
            "p(99)": 1170.4401149999999,
            "avg": 1093.1247259528122,
            "med": 1088.5434,
            "min": 1066.6837,
            "max": 1264.7351,
            "p(90)": 1114.28421,
            "p(95)": 1129.07753
        },
        "http_req_duration": {
            "p(90)": 68.49641000000001,
            "p(95)": 75.37799499999998,
            "p(99)": 98.078222,
            "avg": 22.924114473684238,
            "med": 8.8057,
            "min": 0.5397,
            "max": 233.4701
        },
        "vus": {
            "value": 10,
            "min": 10,
            "max": 10
        },
        "data_received": {
            "count": 9267820,
            "rate": 76708.17367131052
        },
        "http_reqs": {
            "count": 4408,
            "rate": 36.48426809574816
        },
        "http_req_receiving": {
            "min": 0,
            "max": 6.796,
            "p(90)": 0.5278900000000001,
            "p(95)": 0.5940399999999995,
            "p(99)": 0.797462000000001,
            "avg": 0.09143287205081677,
            "med": 0
        },
        "http_req_blocked": {
            "med": 0,
            "min": 0,
            "max": 11.383,
            "p(90)": 0,
            "p(95)": 0,
            "p(99)": 0,
            "avg": 0.02880349364791288
        },
        "http_req_duration{expected_response:true}": {
            "avg": 22.924114473684238,
            "med": 8.8057,
            "min": 0.5397,
            "max": 233.4701,
            "p(90)": 68.49641000000001,
            "p(95)": 75.37799499999998,
            "p(99)": 98.078222
        },
        "data_sent": {
            "count": 1607818,
            "rate": 13307.636787924142
        },
        "http_req_failed": {
            "passes": 0,
            "fails": 4408,
            "value": 0
        },
        "iterations": {
            "count": 1102,
            "rate": 9.12106702393704
        }
    },
    "root_group": {
        "groups": {},
        "checks": {},
        "name": "",
        "path": "",
        "id": "d41d8cd98f00b204e9800998ecf8427e"
    }
}