{
    "root_group": {
        "name": "",
        "path": "",
        "id": "d41d8cd98f00b204e9800998ecf8427e",
        "groups": {},
        "checks": {}
    },
    "metrics": {
        "vus": {
            "min": 1,
            "max": 1,
            "value": 1
        },
        "http_req_failed": {
            "passes": 0,
            "fails": 368,
            "value": 0
        },
        "iterations": {
            "count": 92,
            "rate": 0.7625476239690312
        },
        "http_req_connecting": {
            "min": 0,
            "max": 0.5563,
            "p(90)": 0,
            "p(95)": 0,
            "p(99)": 0,
            "avg": 0.0015116847826086956,
            "med": 0
        },
        "data_sent": {
            "count": 134228,
            "rate": 1112.5569833708166
        },
        "iteration_duration": {
            "max": 15536.4172,
            "p(90)": 1190.9798899999998,
            "p(95)": 1217.20664,
            "p(99)": 3715.8698250000443,
            "avg": 1311.370695652174,
            "med": 1125.90225,
            "min": 1107.6709
        },
        "data_received": {
            "count": 773720,
            "rate": 6413.025517579553
        },
        "http_reqs": {
            "count": 368,
            "rate": 3.050190495876125
        },
        "http_req_tls_handshaking": {
            "p(95)": 0,
            "p(99)": 0,
            "avg": 0,
            "med": 0,
            "min": 0,
            "max": 0,
            "p(90)": 0
        },
        "http_req_duration{expected_response:true}": {
            "max": 14419.9726,
            "p(90)": 104.20605,
            "p(95)": 124.90768499999982,
            "p(99)": 165.28207299999997,
            "avg": 77.46281195652173,
            "med": 12.9265,
            "min": 1.6856
        },
        "http_req_duration": {
            "avg": 77.46281195652173,
            "med": 12.9265,
            "min": 1.6856,
            "max": 14419.9726,
            "p(90)": 104.20605,
            "p(95)": 124.90768499999982,
            "p(99)": 165.28207299999997
        },
        "http_req_waiting": {
            "p(99)": 164.69917999999996,
            "avg": 77.29857472826085,
            "med": 12.53145,
            "min": 1.6185,
            "max": 14419.9726,
            "p(90)": 103.79522,
            "p(95)": 124.47616499999982
        },
        "vus_max": {
            "value": 1,
            "min": 1,
            "max": 1
        },
        "http_req_blocked": {
            "p(99)": 0.6001099999999994,
            "avg": 0.046036956521739135,
            "med": 0,
            "min": 0,
            "max": 12.6975,
            "p(90)": 0,
            "p(95)": 0
        },
        "http_req_sending": {
            "med": 0,
            "min": 0,
            "max": 0.9955,
            "p(90)": 0,
            "p(95)": 0,
            "p(99)": 0.5900949999999998,
            "avg": 0.02536739130434782
        },
        "http_req_receiving": {
            "max": 1.7729,
            "p(90)": 0.57175,
            "p(95)": 0.6237849999999999,
            "p(99)": 0.7457169999999986,
            "avg": 0.1388698369565217,
            "med": 0,
            "min": 0
        }
    }
}