{
    "root_group": {
        "path": "",
        "id": "d41d8cd98f00b204e9800998ecf8427e",
        "groups": {},
        "checks": {},
        "name": ""
    },
    "metrics": {
        "vus": {
            "value": 5,
            "min": 5,
            "max": 5
        },
        "http_req_receiving": {
            "p(95)": 0.567005,
            "p(99)": 0.730448,
            "avg": 0.07517720720720719,
            "med": 0,
            "min": 0,
            "max": 1.7133,
            "p(90)": 0.5170900000000002
        },
        "iteration_duration": {
            "max": 1194.2859,
            "p(90)": 1099.6333,
            "p(95)": 1110.53281,
            "p(99)": 1137.0243420000002,
            "avg": 1087.1625099099099,
            "med": 1084.1502,
            "min": 1069.834
        },
        "vus_max": {
            "min": 5,
            "max": 5,
            "value": 5
        },
        "http_req_tls_handshaking": {
            "med": 0,
            "min": 0,
            "max": 0,
            "p(90)": 0,
            "p(95)": 0,
            "p(99)": 0,
            "avg": 0
        },
        "http_req_sending": {
            "p(90)": 0,
            "p(95)": 0,
            "p(99)": 0.5372399999999998,
            "avg": 0.01064509009009009,
            "med": 0,
            "min": 0,
            "max": 0.7879
        },
        "data_sent": {
            "count": 809745,
            "rate": 6699.038179871496
        },
        "http_reqs": {
            "rate": 18.366108786487995,
            "count": 2220
        },
        "http_req_waiting": {
            "avg": 21.45796054054054,
            "med": 8.4795,
            "min": 0.5391,
            "max": 156.6977,
            "p(90)": 65.45530000000002,
            "p(95)": 70.12902499999994,
            "p(99)": 84.48719
        },
        "http_req_duration": {
            "p(99)": 84.568224,
            "avg": 21.54378283783783,
            "med": 8.50605,
            "min": 0.9533,
            "max": 156.6977,
            "p(90)": 65.55983,
            "p(95)": 70.33286
        },
        "http_req_blocked": {
            "max": 14.8137,
            "p(90)": 0,
            "p(95)": 0,
            "p(99)": 0,
            "avg": 0.03544932432432432,
            "med": 0,
            "min": 0
        },
        "iterations": {
            "rate": 4.591527196621999,
            "count": 555
        },
        "http_req_duration{expected_response:true}": {
            "avg": 21.54378283783783,
            "med": 8.50605,
            "min": 0.9533,
            "max": 156.6977,
            "p(90)": 65.55983,
            "p(95)": 70.33286,
            "p(99)": 84.568224
        },
        "http_req_connecting": {
            "avg": 0.0023369369369369373,
            "med": 0,
            "min": 0,
            "max": 1.0376,
            "p(90)": 0,
            "p(95)": 0,
            "p(99)": 0
        },
        "data_received": {
            "count": 4667550,
            "rate": 38614.74372359101
        },
        "http_req_failed": {
            "passes": 0,
            "fails": 2220,
            "value": 0
        }
    }
}