{
    "root_group": {
        "checks": {},
        "name": "",
        "path": "",
        "id": "d41d8cd98f00b204e9800998ecf8427e",
        "groups": {}
    },
    "metrics": {
        "http_req_duration{expected_response:true}": {
            "p(95)": 65.1125,
            "p(99)": 84.96572500000023,
            "avg": 19.761122215604484,
            "med": 7.0611,
            "min": 0,
            "max": 287.6007,
            "p(90)": 59.22515
        },
        "http_req_tls_handshaking": {
            "max": 0,
            "p(90)": 0,
            "p(95)": 0,
            "p(99)": 0,
            "avg": 0,
            "med": 0,
            "min": 0
        },
        "iteration_duration": {
            "max": 1314.85,
            "p(90)": 1096.56568,
            "p(95)": 1108.6848200000002,
            "p(99)": 1162.3565660000002,
            "avg": 1080.1995780226312,
            "med": 1074.7127,
            "min": 1061.3281
        },
        "http_req_sending": {
            "med": 0,
            "min": 0,
            "max": 3.5788,
            "p(90)": 0,
            "p(95)": 0,
            "p(99)": 0.5399550000000009,
            "avg": 0.014637462775461584
        },
        "vus": {
            "value": 11,
            "min": 11,
            "max": 15
        },
        "http_req_connecting": {
            "p(99)": 0,
            "avg": 0.0026118374032161997,
            "med": 0,
            "min": 0,
            "max": 1.7445,
            "p(90)": 0,
            "p(95)": 0
        },
        "http_req_duration": {
            "p(99)": 84.96572500000023,
            "avg": 19.761122215604484,
            "med": 7.0611,
            "min": 0,
            "max": 287.6007,
            "p(90)": 59.22515,
            "p(95)": 65.1125
        },
        "data_sent": {
            "count": 2449661,
            "rate": 20227.338692910642
        },
        "data_received": {
            "count": 14120390,
            "rate": 116594.87210923819
        },
        "http_req_receiving": {
            "min": 0,
            "max": 6.7855,
            "p(90)": 0.5136,
            "p(95)": 0.5526,
            "p(99)": 0.7796150000000014,
            "avg": 0.08339023228111965,
            "med": 0
        },
        "iterations": {
            "count": 1679,
            "rate": 13.863837349493243
        },
        "vus_max": {
            "value": 15,
            "min": 15,
            "max": 15
        },
        "http_req_blocked": {
            "avg": 0.026629630732578916,
            "med": 0,
            "min": 0,
            "max": 10.5878,
            "p(90)": 0,
            "p(95)": 0,
            "p(99)": 0
        },
        "http_req_waiting": {
            "p(95)": 65.081175,
            "p(99)": 84.59716500000009,
            "avg": 19.663094520547926,
            "med": 6.9972,
            "min": 0,
            "max": 287.6007,
            "p(90)": 59.1606
        },
        "http_req_failed": {
            "passes": 0,
            "fails": 6716,
            "value": 0
        },
        "http_reqs": {
            "count": 6716,
            "rate": 55.455349397972974
        }
    }
}