{
    "root_group": {
        "name": "",
        "path": "",
        "id": "d41d8cd98f00b204e9800998ecf8427e",
        "groups": {},
        "checks": {}
    },
    "metrics": {
        "http_reqs": {
            "count": 20984,
            "rate": 173.2225802660019
        },
        "vus_max": {
            "value": 50,
            "min": 50,
            "max": 50
        },
        "data_received": {
            "rate": 364200.1448099166,
            "count": 44118820
        },
        "http_req_sending": {
            "p(90)": 0,
            "p(95)": 0,
            "p(99)": 0.5989849999999991,
            "avg": 0.027655890202058716,
            "med": 0,
            "min": 0,
            "max": 21.113
        },
        "vus": {
            "value": 9,
            "min": 9,
            "max": 50
        },
        "http_req_duration{expected_response:true}": {
            "max": 1176.6347,
            "p(90)": 117.23827000000003,
            "p(95)": 139.27545999999998,
            "p(99)": 165.68906699999977,
            "avg": 37.04120932615324,
            "med": 12.3333,
            "min": 0.7593
        },
        "iteration_duration": {
            "max": 2219.4049,
            "p(90)": 1184.23305,
            "p(95)": 1203.066575,
            "p(99)": 1321.8526700000018,
            "avg": 1149.463382825007,
            "med": 1137.25675,
            "min": 1100.3217
        },
        "http_req_tls_handshaking": {
            "p(90)": 0,
            "p(95)": 0,
            "p(99)": 0,
            "avg": 0,
            "med": 0,
            "min": 0,
            "max": 0
        },
        "iterations": {
            "count": 5246,
            "rate": 43.305645066500475
        },
        "http_req_duration": {
            "p(99)": 165.68906699999977,
            "avg": 37.04120932615324,
            "med": 12.3333,
            "min": 0.7593,
            "max": 1176.6347,
            "p(90)": 117.23827000000003,
            "p(95)": 139.27545999999998
        },
        "http_req_receiving": {
            "avg": 0.12749675943576008,
            "med": 0,
            "min": 0,
            "max": 43.7297,
            "p(90)": 0.5498700000000001,
            "p(95)": 0.5972849999999998,
            "p(99)": 1.0130169999999998
        },
        "data_sent": {
            "rate": 63182.936152024195,
            "count": 7653914
        },
        "http_req_waiting": {
            "med": 12.19905,
            "min": 0.6018,
            "max": 1176.6347,
            "p(90)": 117.08135,
            "p(95)": 139.24980999999988,
            "p(99)": 165.587718,
            "avg": 36.88605667651549
        },
        "http_req_failed": {
            "passes": 0,
            "fails": 20984,
            "value": 0
        },
        "http_req_connecting": {
            "max": 4.0275,
            "p(90)": 0,
            "p(95)": 0,
            "p(99)": 0,
            "avg": 0.005929031643156691,
            "med": 0,
            "min": 0
        },
        "http_req_blocked": {
            "p(95)": 0,
            "p(99)": 0.5291339999999997,
            "avg": 0.03533589401448721,
            "med": 0,
            "min": 0,
            "max": 14.402,
            "p(90)": 0
        }
    }
}