{
    "root_group": {
        "checks": {},
        "name": "",
        "path": "",
        "id": "d41d8cd98f00b204e9800998ecf8427e",
        "groups": {}
    },
    "metrics": {
        "http_req_duration": {
            "p(95)": 83.19023,
            "p(99)": 119.82516899999997,
            "avg": 24.288240880503196,
            "med": 8.6289,
            "min": 0.5204,
            "max": 250.5204,
            "p(90)": 69.77236
        },
        "http_req_tls_handshaking": {
            "avg": 0,
            "med": 0,
            "min": 0,
            "max": 0,
            "p(90)": 0,
            "p(95)": 0,
            "p(99)": 0
        },
        "iteration_duration": {
            "p(95)": 1155.07565,
            "p(99)": 1228.4014,
            "avg": 1098.3616358490567,
            "med": 1088.8635,
            "min": 1068.6066,
            "max": 1278.9266,
            "p(90)": 1136.71058
        },
        "http_req_blocked": {
            "avg": 0.09411949685534592,
            "med": 0,
            "min": 0,
            "max": 11.662,
            "p(90)": 0,
            "p(95)": 0,
            "p(99)": 0.5500969999999996
        },
        "http_req_waiting": {
            "p(99)": 119.35145699999995,
            "avg": 24.202741666666725,
            "med": 8.57635,
            "min": 0.5204,
            "max": 250.5204,
            "p(90)": 69.71361,
            "p(95)": 83.15829000000001
        },
        "data_received": {
            "rate": 9483.831856972643,
            "count": 2674380
        },
        "http_reqs": {
            "count": 1272,
            "rate": 4.510740478940615
        },
        "http_req_receiving": {
            "p(99)": 0.6676639999999999,
            "avg": 0.07237366352201265,
            "med": 0,
            "min": 0,
            "max": 1.5208,
            "p(90)": 0.51852,
            "p(95)": 0.53866
        },
        "http_req_duration{expected_response:true}": {
            "min": 0.5204,
            "max": 250.5204,
            "p(90)": 69.77236,
            "p(95)": 83.19023,
            "p(99)": 119.82516899999997,
            "avg": 24.288240880503196,
            "med": 8.6289
        },
        "vus_max": {
            "value": 10,
            "min": 10,
            "max": 10
        },
        "http_req_connecting": {
            "max": 1.2861,
            "p(90)": 0,
            "p(95)": 0,
            "p(99)": 0,
            "avg": 0.007018396226415093,
            "med": 0,
            "min": 0
        },
        "http_req_sending": {
            "max": 1.012,
            "p(90)": 0,
            "p(95)": 0,
            "p(99)": 0.532958,
            "avg": 0.01312555031446541,
            "med": 0,
            "min": 0
        },
        "vus": {
            "value": 10,
            "min": 10,
            "max": 10
        },
        "iterations": {
            "count": 318,
            "rate": 1.1276851197351538
        },
        "http_req_failed": {
            "passes": 0,
            "fails": 1272,
            "value": 0
        },
        "data_sent": {
            "count": 466682,
            "rate": 1654.9381982649088
        }
    }
}