{
    "metrics": {
        "http_req_tls_handshaking": {
            "min": 0,
            "max": 0,
            "p(90)": 0,
            "p(95)": 0,
            "p(99)": 0,
            "avg": 0,
            "med": 0
        },
        "data_received": {
            "count": 933510,
            "rate": 7755.798108164842
        },
        "data_sent": {
            "count": 161949,
            "rate": 1345.506473223841
        },
        "iteration_duration": {
            "p(99)": 1129.9393200000002,
            "avg": 1084.3500414414416,
            "med": 1081.2969,
            "min": 1070.6769,
            "max": 1166.6688,
            "p(90)": 1097.1066,
            "p(95)": 1110.0897
        },
        "iterations": {
            "count": 111,
            "rate": 0.9222114278436198
        },
        "http_req_duration": {
            "max": 143.834,
            "p(90)": 62.88735,
            "p(95)": 66.86306499999999,
            "p(99)": 78.242397,
            "avg": 20.833004504504483,
            "med": 8.568200000000001,
            "min": 1.0523
        },
        "http_req_receiving": {
            "avg": 0.09063873873873877,
            "med": 0,
            "min": 0,
            "max": 1.5046,
            "p(90)": 0.51838,
            "p(95)": 0.5691599999999998,
            "p(99)": 0.8867369999999991
        },
        "http_req_waiting": {
            "p(90)": 62.88735,
            "p(95)": 66.86306499999999,
            "p(99)": 78.206363,
            "avg": 20.73263513513512,
            "med": 8.46385,
            "min": 1.0523,
            "max": 143.834
        },
        "http_req_duration{expected_response:true}": {
            "p(95)": 66.86306499999999,
            "p(99)": 78.242397,
            "avg": 20.833004504504483,
            "med": 8.568200000000001,
            "min": 1.0523,
            "max": 143.834,
            "p(90)": 62.88735
        },
        "http_req_sending": {
            "avg": 0.009730630630630632,
            "med": 0,
            "min": 0,
            "max": 0.6252,
            "p(90)": 0,
            "p(95)": 0,
            "p(99)": 0.522711
        },
        "http_req_failed": {
            "passes": 0,
            "fails": 444,
            "value": 0
        },
        "http_reqs": {
            "count": 444,
            "rate": 3.688845711374479
        },
        "http_req_connecting": {
            "med": 0,
            "min": 0,
            "max": 1.5005,
            "p(90)": 0,
            "p(95)": 0,
            "p(99)": 0,
            "avg": 0.0033795045045045043
        },
        "vus": {
            "value": 1,
            "min": 1,
            "max": 1
        },
        "vus_max": {
            "min": 1,
            "max": 1,
            "value": 1
        },
        "http_req_blocked": {
            "p(90)": 0,
            "p(95)": 0,
            "p(99)": 0,
            "avg": 0.03157927927927928,
            "med": 0,
            "min": 0,
            "max": 14.0212
        }
    },
    "root_group": {
        "name": "",
        "path": "",
        "id": "d41d8cd98f00b204e9800998ecf8427e",
        "groups": {},
        "checks": {}
    }
}