{
    "root_group": {
        "name": "",
        "path": "",
        "id": "d41d8cd98f00b204e9800998ecf8427e",
        "groups": {},
        "checks": {}
    },
    "metrics": {
        "vus": {
            "value": 8,
            "min": 8,
            "max": 20
        },
        "vus_max": {
            "value": 20,
            "min": 20,
            "max": 20
        },
        "http_req_blocked": {
            "avg": 0.026435485675917643,
            "med": 0,
            "min": 0,
            "max": 10.7006,
            "p(90)": 0,
            "p(95)": 0,
            "p(99)": 0
        },
        "data_received": {
            "count": 18787940,
            "rate": 155193.86542892427
        },
        "iteration_duration": {
            "max": 1357.8806,
            "p(90)": 1093.7156499999999,
            "p(95)": 1105.09843,
            "p(99)": 1163.5346880000004,
            "avg": 1080.5218948970457,
            "med": 1075.3200000000002,
            "min": 1061.3894
        },
        "iterations": {
            "rate": 18.4534917275772,
            "count": 2234
        },
        "http_req_tls_handshaking": {
            "p(99)": 0,
            "avg": 0,
            "med": 0,
            "min": 0,
            "max": 0,
            "p(90)": 0,
            "p(95)": 0
        },
        "http_req_sending": {
            "avg": 0.014711369740376021,
            "med": 0,
            "min": 0,
            "max": 6.5749,
            "p(90)": 0,
            "p(95)": 0,
            "p(99)": 0.5379299999999999
        },
        "http_req_receiving": {
            "med": 0,
            "min": 0,
            "max": 2.1331,
            "p(90)": 0.51295,
            "p(95)": 0.54505,
            "p(99)": 0.7665449999999996,
            "avg": 0.07908172560429713
        },
        "http_req_failed": {
            "passes": 0,
            "fails": 8936,
            "value": 0
        },
        "http_reqs": {
            "count": 8936,
            "rate": 73.8139669103088
        },
        "http_req_duration{expected_response:true}": {
            "p(95)": 66.002325,
            "p(99)": 85.9772599999999,
            "avg": 19.86905267457478,
            "med": 7.2277000000000005,
            "min": 0,
            "max": 324.4614,
            "p(90)": 59.4807
        },
        "data_sent": {
            "count": 3259406,
            "rate": 26923.64443053514
        },
        "http_req_connecting": {
            "avg": 0.0025724149507609676,
            "med": 0,
            "min": 0,
            "max": 1.9132,
            "p(90)": 0,
            "p(95)": 0,
            "p(99)": 0
        },
        "http_req_waiting": {
            "max": 324.4614,
            "p(90)": 59.413,
            "p(95)": 65.9325,
            "p(99)": 85.9772599999999,
            "avg": 19.77525957923005,
            "med": 7.15735,
            "min": 0
        },
        "http_req_duration": {
            "p(95)": 66.002325,
            "p(99)": 85.9772599999999,
            "avg": 19.86905267457478,
            "med": 7.2277000000000005,
            "min": 0,
            "max": 324.4614,
            "p(90)": 59.4807
        }
    }
}