{
    "root_group": {
        "groups": {},
        "checks": {},
        "name": "",
        "path": "",
        "id": "d41d8cd98f00b204e9800998ecf8427e"
    },
    "metrics": {
        "http_req_duration{expected_response:true}": {
            "avg": 25.20825718464335,
            "med": 9.117799999999999,
            "min": 0.5089,
            "max": 871.255,
            "p(90)": 71.43550000000002,
            "p(95)": 82.62977999999997,
            "p(99)": 123.77142899999988
        },
        "http_req_tls_handshaking": {
            "avg": 0,
            "med": 0,
            "min": 0,
            "max": 0,
            "p(90)": 0,
            "p(95)": 0,
            "p(99)": 0
        },
        "http_req_sending": {
            "p(95)": 0,
            "p(99)": 0.5541419999999999,
            "avg": 0.017433235831809866,
            "med": 0,
            "min": 0,
            "max": 3.6099,
            "p(90)": 0
        },
        "http_req_failed": {
            "passes": 0,
            "fails": 21880,
            "value": 0
        },
        "http_req_waiting": {
            "p(90)": 71.36159,
            "p(95)": 82.53257999999998,
            "p(99)": 123.60619299999985,
            "avg": 25.09532836380251,
            "med": 9.0135,
            "min": 0.5089,
            "max": 871.255
        },
        "vus": {
            "min": 3,
            "max": 50,
            "value": 3
        },
        "http_req_receiving": {
            "avg": 0.09549558500914078,
            "med": 0,
            "min": 0,
            "max": 11.1177,
            "p(90)": 0.5271100000000002,
            "p(95)": 0.5702099999999999,
            "p(99)": 0.7960049999999996
        },
        "vus_max": {
            "value": 50,
            "min": 50,
            "max": 50
        },
        "http_req_connecting": {
            "min": 0,
            "max": 3.7014,
            "p(90)": 0,
            "p(95)": 0,
            "p(99)": 0,
            "avg": 0.004839122486288848,
            "med": 0
        },
        "iterations": {
            "count": 5470,
            "rate": 45.180809370109344
        },
        "data_sent": {
            "count": 7980730,
            "rate": 65918.80087098954
        },
        "http_req_blocked": {
            "p(95)": 0,
            "p(99)": 0.5047889999999993,
            "avg": 0.025748788848263256,
            "med": 0,
            "min": 0,
            "max": 10.1362,
            "p(90)": 0
        },
        "http_req_duration": {
            "max": 871.255,
            "p(90)": 71.43550000000002,
            "p(95)": 82.62977999999997,
            "p(99)": 123.77142899999988,
            "avg": 25.20825718464335,
            "med": 9.117799999999999,
            "min": 0.5089
        },
        "data_received": {
            "count": 46002650,
            "rate": 379970.19381533103
        },
        "http_reqs": {
            "count": 21880,
            "rate": 180.72323748043738
        },
        "iteration_duration": {
            "p(95)": 1148.589865,
            "p(99)": 1241.5490280000006,
            "avg": 1101.9018997806215,
            "med": 1090.1651000000002,
            "min": 1068.1264,
            "max": 1897.8629,
            "p(90)": 1123.92459
        }
    }
}