{
    "root_group": {
        "path": "",
        "id": "d41d8cd98f00b204e9800998ecf8427e",
        "groups": {},
        "checks": {},
        "name": ""
    },
    "metrics": {
        "http_req_receiving": {
            "min": 0,
            "max": 13.2516,
            "p(90)": 0.5167,
            "p(95)": 0.5677,
            "p(99)": 0.8708979999999983,
            "avg": 0.08904935162846815,
            "med": 0
        },
        "http_reqs": {
            "count": 6632,
            "rate": 54.792215439613685
        },
        "http_req_tls_handshaking": {
            "max": 0,
            "p(90)": 0,
            "p(95)": 0,
            "p(99)": 0,
            "avg": 0,
            "med": 0,
            "min": 0
        },
        "vus": {
            "value": 1,
            "min": 1,
            "max": 15
        },
        "http_req_waiting": {
            "max": 309.3215,
            "p(90)": 65.39039,
            "p(95)": 72.041895,
            "p(99)": 93.38067699999995,
            "avg": 21.9679392038601,
            "med": 8.146049999999999,
            "min": 0
        },
        "http_req_duration{expected_response:true}": {
            "p(95)": 72.073025,
            "p(99)": 93.48068399999998,
            "avg": 22.07344439083232,
            "med": 8.22465,
            "min": 0,
            "max": 309.9434,
            "p(90)": 65.42723000000001
        },
        "http_req_sending": {
            "p(99)": 0.5678839999999985,
            "avg": 0.01645583534378769,
            "med": 0,
            "min": 0,
            "max": 3.5987,
            "p(90)": 0,
            "p(95)": 0
        },
        "iteration_duration": {
            "avg": 1089.4862461399268,
            "med": 1083.3499,
            "min": 1064.0529,
            "max": 1342.3132,
            "p(90)": 1110.94127,
            "p(95)": 1118.229825,
            "p(99)": 1176.1843740000002
        },
        "http_req_connecting": {
            "p(99)": 0,
            "avg": 0.0047317702050663464,
            "med": 0,
            "min": 0,
            "max": 2.693,
            "p(90)": 0,
            "p(95)": 0
        },
        "vus_max": {
            "value": 15,
            "min": 15,
            "max": 15
        },
        "http_req_duration": {
            "p(90)": 65.42723000000001,
            "p(95)": 72.073025,
            "p(99)": 93.48068399999998,
            "avg": 22.07344439083232,
            "med": 8.22465,
            "min": 0,
            "max": 309.9434
        },
        "data_sent": {
            "rate": 19985.46058159909,
            "count": 2419022
        },
        "data_received": {
            "count": 13943775,
            "rate": 115200.59165281957
        },
        "http_req_blocked": {
            "max": 11.7182,
            "p(90)": 0,
            "p(95)": 0,
            "p(99)": 0,
            "avg": 0.030633443908323267,
            "med": 0,
            "min": 0
        },
        "iterations": {
            "rate": 13.698053859903421,
            "count": 1658
        },
        "http_req_failed": {
            "passes": 0,
            "fails": 6632,
            "value": 0
        }
    }
}