{
    "root_group": {
        "name": "",
        "path": "",
        "id": "d41d8cd98f00b204e9800998ecf8427e",
        "groups": {},
        "checks": {}
    },
    "metrics": {
        "http_req_duration": {
            "avg": 21.383479502881737,
            "med": 7.4834,
            "min": 0,
            "max": 792.476,
            "p(90)": 60.626039999999996,
            "p(95)": 70.34473499999999,
            "p(99)": 99.841088
        },
        "http_req_sending": {
            "p(90)": 0,
            "p(95)": 0,
            "p(99)": 0.541193,
            "avg": 0.014747622478386154,
            "med": 0,
            "min": 0,
            "max": 2.2378
        },
        "vus": {
            "value": 3,
            "min": 3,
            "max": 50
        },
        "http_req_failed": {
            "passes": 0,
            "fails": 22208,
            "value": 0
        },
        "data_sent": {
            "count": 8100368,
            "rate": 66925.71370436753
        },
        "vus_max": {
            "value": 50,
            "min": 50,
            "max": 50
        },
        "http_reqs": {
            "count": 22208,
            "rate": 183.483793569205
        },
        "iterations": {
            "count": 5552,
            "rate": 45.87094839230125
        },
        "http_req_receiving": {
            "min": 0,
            "max": 2.5215,
            "p(90)": 0.5162,
            "p(95)": 0.5513,
            "p(99)": 0.7639180000000008,
            "avg": 0.0825759681195964,
            "med": 0
        },
        "http_req_duration{expected_response:true}": {
            "max": 792.476,
            "p(90)": 60.626039999999996,
            "p(95)": 70.34473499999999,
            "p(99)": 99.841088,
            "avg": 21.383479502881737,
            "med": 7.4834,
            "min": 0
        },
        "http_req_blocked": {
            "p(99)": 0,
            "avg": 0.01952767471181557,
            "med": 0,
            "min": 0,
            "max": 8.3827,
            "p(90)": 0,
            "p(95)": 0
        },
        "http_req_connecting": {
            "p(99)": 0,
            "avg": 0.003362662103746397,
            "med": 0,
            "min": 0,
            "max": 3.0781,
            "p(90)": 0,
            "p(95)": 0
        },
        "http_req_tls_handshaking": {
            "p(95)": 0,
            "p(99)": 0,
            "avg": 0,
            "med": 0,
            "min": 0,
            "max": 0,
            "p(90)": 0
        },
        "http_req_waiting": {
            "avg": 21.28615591228372,
            "med": 7.4003499999999995,
            "min": 0,
            "max": 792.476,
            "p(90)": 60.55058999999999,
            "p(95)": 70.21845999999995,
            "p(99)": 99.841088
        },
        "data_received": {
            "rate": 385774.42811750073,
            "count": 46692290
        },
        "iteration_duration": {
            "p(99)": 1215.844969,
            "avg": 1086.5111466498568,
            "med": 1076.1206,
            "min": 1061.176,
            "max": 1824.4638,
            "p(90)": 1107.66846,
            "p(95)": 1126.32953
        }
    }
}