{
    "metrics": {
        "data_received": {
            "count": 4415250,
            "rate": 36560.612934086355
        },
        "http_req_failed": {
            "passes": 0,
            "fails": 2100,
            "value": 0
        },
        "data_sent": {
            "rate": 6342.679461454458,
            "count": 765975
        },
        "iterations": {
            "count": 525,
            "rate": 4.3472785890709105
        },
        "iteration_duration": {
            "p(95)": 1189.20104,
            "p(99)": 1218.37372,
            "avg": 1149.595160380952,
            "med": 1144.2716,
            "min": 1104.3973,
            "max": 1272.6034,
            "p(90)": 1179.49426
        },
        "http_req_duration": {
            "p(99)": 149.25372499999986,
            "avg": 37.03225633333327,
            "med": 13.2455,
            "min": 1.0728,
            "max": 212.8784,
            "p(90)": 117.66871,
            "p(95)": 135.07262
        },
        "http_req_duration{expected_response:true}": {
            "med": 13.2455,
            "min": 1.0728,
            "max": 212.8784,
            "p(90)": 117.66871,
            "p(95)": 135.07262,
            "p(99)": 149.25372499999986,
            "avg": 37.03225633333327
        },
        "http_req_receiving": {
            "p(90)": 0.5501,
            "p(95)": 0.5872200000000001,
            "p(99)": 0.7702909999999978,
            "avg": 0.12386680952380955,
            "med": 0,
            "min": 0,
            "max": 2.1678
        },
        "http_reqs": {
            "count": 2100,
            "rate": 17.389114356283642
        },
        "http_req_blocked": {
            "p(90)": 0,
            "p(95)": 0,
            "p(99)": 0.5525319999999992,
            "avg": 0.04186238095238095,
            "med": 0,
            "min": 0,
            "max": 14.2405
        },
        "http_req_sending": {
            "max": 7.4485,
            "p(90)": 0,
            "p(95)": 0.37470499999999374,
            "p(99)": 0.6065109999999998,
            "avg": 0.03235195238095238,
            "med": 0,
            "min": 0
        },
        "vus_max": {
            "min": 5,
            "max": 5,
            "value": 5
        },
        "http_req_waiting": {
            "p(90)": 117.66871,
            "p(95)": 135.07262,
            "p(99)": 149.215724,
            "avg": 36.87603757142851,
            "med": 13.14035,
            "min": 1.0611,
            "max": 211.8751
        },
        "vus": {
            "value": 5,
            "min": 5,
            "max": 5
        },
        "http_req_connecting": {
            "avg": 0.002394047619047619,
            "med": 0,
            "min": 0,
            "max": 1.0055,
            "p(90)": 0,
            "p(95)": 0,
            "p(99)": 0
        },
        "http_req_tls_handshaking": {
            "max": 0,
            "p(90)": 0,
            "p(95)": 0,
            "p(99)": 0,
            "avg": 0,
            "med": 0,
            "min": 0
        }
    },
    "root_group": {
        "groups": {},
        "checks": {},
        "name": "",
        "path": "",
        "id": "d41d8cd98f00b204e9800998ecf8427e"
    }
}