{
    "metrics": {
        "http_req_tls_handshaking": {
            "p(95)": 0,
            "p(99)": 0,
            "avg": 0,
            "med": 0,
            "min": 0,
            "max": 0,
            "p(90)": 0
        },
        "http_req_receiving": {
            "max": 6.0059,
            "p(90)": 0.51254,
            "p(95)": 0.5577849999999999,
            "p(99)": 0.8120069999999956,
            "avg": 0.08295252025202518,
            "med": 0,
            "min": 0
        },
        "data_received": {
            "count": 9343510,
            "rate": 77325.07130982279
        },
        "iteration_duration": {
            "p(99)": 1145.4821000000004,
            "avg": 1082.9334843384336,
            "med": 1078.1312,
            "min": 1061.895,
            "max": 1262.9213,
            "p(90)": 1097.6453,
            "p(95)": 1107.1925
        },
        "http_req_connecting": {
            "p(99)": 0,
            "avg": 0.002252700270027003,
            "med": 0,
            "min": 0,
            "max": 1.0011,
            "p(90)": 0,
            "p(95)": 0
        },
        "vus": {
            "value": 10,
            "min": 10,
            "max": 10
        },
        "http_req_sending": {
            "avg": 0.016135351035103513,
            "med": 0,
            "min": 0,
            "max": 2.0137,
            "p(90)": 0,
            "p(95)": 0,
            "p(99)": 0.5620419999999998
        },
        "iterations": {
            "count": 1111,
            "rate": 9.194419894152531
        },
        "http_req_blocked": {
            "min": 0,
            "max": 12.0608,
            "p(90)": 0,
            "p(95)": 0,
            "p(99)": 0,
            "avg": 0.03016559405940595,
            "med": 0
        },
        "http_req_duration{expected_response:true}": {
            "avg": 20.429956480648055,
            "med": 7.5169,
            "min": 0.5053,
            "max": 206.3106,
            "p(90)": 61.07390000000001,
            "p(95)": 68.39194999999998,
            "p(99)": 86.956165
        },
        "http_req_duration": {
            "p(90)": 61.07390000000001,
            "p(95)": 68.39194999999998,
            "p(99)": 86.956165,
            "avg": 20.429956480648055,
            "med": 7.5169,
            "min": 0.5053,
            "max": 206.3106
        },
        "vus_max": {
            "value": 10,
            "min": 10,
            "max": 10
        },
        "http_req_waiting": {
            "p(90)": 61.034510000000004,
            "p(95)": 68.27609999999999,
            "p(99)": 86.956165,
            "avg": 20.33086860936092,
            "med": 7.43815,
            "min": 0,
            "max": 206.3106
        },
        "http_req_failed": {
            "passes": 0,
            "fails": 4444,
            "value": 0
        },
        "http_reqs": {
            "count": 4444,
            "rate": 36.777679576610126
        },
        "data_sent": {
            "count": 1620949,
            "rate": 13414.658625568542
        }
    },
    "root_group": {
        "name": "",
        "path": "",
        "id": "d41d8cd98f00b204e9800998ecf8427e",
        "groups": {},
        "checks": {}
    }
}