{
    "root_group": {
        "path": "",
        "id": "d41d8cd98f00b204e9800998ecf8427e",
        "groups": {},
        "checks": {},
        "name": ""
    },
    "metrics": {
        "http_reqs": {
            "count": 2220,
            "rate": 18.433958821719585
        },
        "http_req_duration{expected_response:true}": {
            "p(99)": 90.28950900000001,
            "avg": 20.812912162162178,
            "med": 8.13735,
            "min": 0.5371,
            "max": 134.8074,
            "p(90)": 61.89706,
            "p(95)": 66.733565
        },
        "http_req_waiting": {
            "avg": 20.717938198198226,
            "med": 8.094850000000001,
            "min": 0,
            "max": 133.4993,
            "p(90)": 61.88671,
            "p(95)": 66.63244499999998,
            "p(99)": 89.735872
        },
        "vus_max": {
            "value": 5,
            "min": 5,
            "max": 5
        },
        "data_sent": {
            "count": 809745,
            "rate": 6723.786480222219
        },
        "http_req_sending": {
            "p(95)": 0,
            "p(99)": 0.5566869999999998,
            "avg": 0.01706563063063063,
            "med": 0,
            "min": 0,
            "max": 1.9991,
            "p(90)": 0
        },
        "iteration_duration": {
            "p(99)": 1125.35284,
            "avg": 1084.62635009009,
            "med": 1080.6282,
            "min": 1067.1472,
            "max": 1201.4651,
            "p(90)": 1100.5506,
            "p(95)": 1111.9892499999999
        },
        "http_req_blocked": {
            "max": 11.0055,
            "p(90)": 0,
            "p(95)": 0,
            "p(99)": 0,
            "avg": 0.028177927927927927,
            "med": 0,
            "min": 0
        },
        "vus": {
            "value": 5,
            "min": 5,
            "max": 5
        },
        "http_req_duration": {
            "p(95)": 66.733565,
            "p(99)": 90.28950900000001,
            "avg": 20.812912162162178,
            "med": 8.13735,
            "min": 0.5371,
            "max": 134.8074,
            "p(90)": 61.89706
        },
        "http_req_failed": {
            "passes": 0,
            "fails": 2220,
            "value": 0
        },
        "iterations": {
            "count": 555,
            "rate": 4.608489705429896
        },
        "http_req_receiving": {
            "avg": 0.07790833333333334,
            "med": 0,
            "min": 0,
            "max": 2.5124,
            "p(90)": 0.50942,
            "p(95)": 0.54911,
            "p(99)": 0.7978969999999997
        },
        "http_req_connecting": {
            "med": 0,
            "min": 0,
            "max": 0.5274,
            "p(90)": 0,
            "p(95)": 0,
            "p(99)": 0,
            "avg": 0.001187837837837838
        },
        "http_req_tls_handshaking": {
            "p(95)": 0,
            "p(99)": 0,
            "avg": 0,
            "med": 0,
            "min": 0,
            "max": 0,
            "p(90)": 0
        },
        "data_received": {
            "count": 4667550,
            "rate": 38757.39842266543
        }
    }
}