{
    "metrics": {
        "http_req_tls_handshaking": {
            "max": 0,
            "p(90)": 0,
            "p(95)": 0,
            "p(99)": 0,
            "avg": 0,
            "med": 0,
            "min": 0
        },
        "http_req_failed": {
            "passes": 0,
            "fails": 8400,
            "value": 0
        },
        "http_req_blocked": {
            "avg": 0.057223369047619065,
            "med": 0,
            "min": 0,
            "max": 23.3964,
            "p(90)": 0,
            "p(95)": 0,
            "p(99)": 0
        },
        "iterations": {
            "count": 2100,
            "rate": 17.39818251576458
        },
        "http_req_sending": {
            "med": 0,
            "min": 0,
            "max": 9.7505,
            "p(90)": 0,
            "p(95)": 0,
            "p(99)": 0.6021060000000001,
            "avg": 0.025466761904761905
        },
        "iteration_duration": {
            "avg": 1148.009990238096,
            "med": 1142.2694000000001,
            "min": 1101.5168,
            "max": 1568.4103,
            "p(90)": 1180.0280500000001,
            "p(95)": 1190.0113549999999,
            "p(99)": 1312.6958659999996
        },
        "http_req_duration{expected_response:true}": {
            "avg": 36.644058285714216,
            "med": 13.35075,
            "min": 0.5991,
            "max": 505.267,
            "p(90)": 115.82536,
            "p(95)": 130.9017899999999,
            "p(99)": 159.134556
        },
        "vus": {
            "value": 20,
            "min": 20,
            "max": 20
        },
        "data_received": {
            "count": 17661000,
            "rate": 146318.71495758014
        },
        "http_req_duration": {
            "p(90)": 115.82536,
            "p(95)": 130.9017899999999,
            "p(99)": 159.134556,
            "avg": 36.644058285714216,
            "med": 13.35075,
            "min": 0.5991,
            "max": 505.267
        },
        "http_req_receiving": {
            "p(90)": 0.5417,
            "p(95)": 0.5825049999999999,
            "p(99)": 1.008304,
            "avg": 0.13345778571428588,
            "med": 0,
            "min": 0,
            "max": 57.8461
        },
        "http_reqs": {
            "rate": 69.59273006305833,
            "count": 8400
        },
        "data_sent": {
            "count": 3063900,
            "rate": 25383.948290500528
        },
        "http_req_waiting": {
            "p(95)": 130.83340999999996,
            "p(99)": 159.085095,
            "avg": 36.48513373809521,
            "med": 13.162600000000001,
            "min": 0.5525,
            "max": 503.6047,
            "p(90)": 115.66398
        },
        "vus_max": {
            "value": 20,
            "min": 20,
            "max": 20
        },
        "http_req_connecting": {
            "p(99)": 0,
            "avg": 0.005932404761904763,
            "med": 0,
            "min": 0,
            "max": 3.4843,
            "p(90)": 0,
            "p(95)": 0
        }
    },
    "root_group": {
        "checks": {},
        "name": "",
        "path": "",
        "id": "d41d8cd98f00b204e9800998ecf8427e",
        "groups": {}
    }
}