{
    "metrics": {
        "http_req_duration": {
            "min": 0,
            "max": 347.2589,
            "p(90)": 65.15902,
            "p(95)": 70.32162999999998,
            "p(99)": 85.10324099999976,
            "avg": 21.61318904279272,
            "med": 8.0963
        },
        "vus_max": {
            "min": 20,
            "max": 20,
            "value": 20
        },
        "http_req_receiving": {
            "p(99)": 0.7831449999999961,
            "avg": 0.08798317567567553,
            "med": 0,
            "min": 0,
            "max": 2.6284,
            "p(90)": 0.5202100000000001,
            "p(95)": 0.563305
        },
        "iteration_duration": {
            "avg": 1087.540616351354,
            "med": 1083.1055999999999,
            "min": 1063.5989,
            "max": 1371.9703,
            "p(90)": 1100.48783,
            "p(95)": 1111.97482,
            "p(99)": 1162.694067
        },
        "http_req_tls_handshaking": {
            "p(90)": 0,
            "p(95)": 0,
            "p(99)": 0,
            "avg": 0,
            "med": 0,
            "min": 0,
            "max": 0
        },
        "http_req_failed": {
            "fails": 8880,
            "passes": 0,
            "value": 0
        },
        "data_received": {
            "count": 18670185,
            "rate": 154423.14875114345
        },
        "http_req_connecting": {
            "avg": 0.0034117905405405416,
            "med": 0,
            "min": 0,
            "max": 2.133,
            "p(90)": 0,
            "p(95)": 0,
            "p(99)": 0
        },
        "data_sent": {
            "count": 3238980,
            "rate": 26789.958982301385
        },
        "http_req_duration{expected_response:true}": {
            "max": 347.2589,
            "p(90)": 65.15902,
            "p(95)": 70.32162999999998,
            "p(99)": 85.10324099999976,
            "avg": 21.61318904279272,
            "med": 8.0963,
            "min": 0
        },
        "iterations": {
            "count": 2220,
            "rate": 18.3618635930784
        },
        "http_reqs": {
            "rate": 73.4474543723136,
            "count": 8880
        },
        "http_req_blocked": {
            "avg": 0.026322950450450456,
            "med": 0,
            "min": 0,
            "max": 10.1982,
            "p(90)": 0,
            "p(95)": 0,
            "p(99)": 0
        },
        "http_req_sending": {
            "avg": 0.01586172297297296,
            "med": 0,
            "min": 0,
            "max": 5.4723,
            "p(90)": 0,
            "p(95)": 0,
            "p(99)": 0.5468889999999992
        },
        "http_req_waiting": {
            "p(90)": 64.99795000000002,
            "p(95)": 70.22919499999999,
            "p(99)": 84.94237099999997,
            "avg": 21.509344144144112,
            "med": 8.0054,
            "min": 0,
            "max": 347.2589
        },
        "vus": {
            "value": 20,
            "min": 20,
            "max": 20
        }
    },
    "root_group": {
        "groups": {},
        "checks": {},
        "name": "",
        "path": "",
        "id": "d41d8cd98f00b204e9800998ecf8427e"
    }
}