{
    "root_group": {
        "path": "",
        "id": "d41d8cd98f00b204e9800998ecf8427e",
        "groups": {},
        "checks": {},
        "name": ""
    },
    "metrics": {
        "vus_max": {
            "value": 15,
            "min": 15,
            "max": 15
        },
        "http_req_receiving": {
            "p(99)": 0.7830199999999996,
            "avg": 0.07093334304018636,
            "med": 0,
            "min": 0,
            "max": 2.3362,
            "p(90)": 0.5044299999999999,
            "p(95)": 0.5396
        },
        "http_req_duration{expected_response:true}": {
            "p(95)": 26.814124999999976,
            "p(99)": 59.02370699999996,
            "avg": 12.87411870995921,
            "med": 10.6716,
            "min": 3.8648,
            "max": 108.0812,
            "p(90)": 18.85563
        },
        "http_req_failed": {
            "passes": 0,
            "fails": 6868,
            "value": 0
        },
        "iterations": {
            "count": 1717,
            "rate": 14.193933306237277
        },
        "data_sent": {
            "count": 2245836,
            "rate": 18565.664764558358
        },
        "http_req_waiting": {
            "min": 3.8648,
            "max": 108.0812,
            "p(90)": 18.767810000000004,
            "p(95)": 26.74237499999998,
            "p(99)": 59.02370699999996,
            "avg": 12.790963380896878,
            "med": 10.590399999999999
        },
        "http_req_tls_handshaking": {
            "max": 0,
            "p(90)": 0,
            "p(95)": 0,
            "p(99)": 0,
            "avg": 0,
            "med": 0,
            "min": 0
        },
        "http_req_blocked": {
            "avg": 0.022554732090856153,
            "med": 0,
            "min": 0,
            "max": 8.9535,
            "p(90)": 0,
            "p(95)": 0,
            "p(99)": 0
        },
        "http_req_sending": {
            "p(99)": 0.5434319999999999,
            "avg": 0.012221986022131629,
            "med": 0,
            "min": 0,
            "max": 1.66,
            "p(90)": 0,
            "p(95)": 0
        },
        "data_received": {
            "count": 4637617,
            "rate": 38337.81386014689
        },
        "iteration_duration": {
            "avg": 1052.6189813046005,
            "med": 1044.2316,
            "min": 1028.2796,
            "max": 1278.1524,
            "p(90)": 1070.19014,
            "p(95)": 1099.7548199999997,
            "p(99)": 1230.696016
        },
        "http_reqs": {
            "count": 6868,
            "rate": 56.77573322494911
        },
        "http_req_connecting": {
            "avg": 0.0017372306348281885,
            "med": 0,
            "min": 0,
            "max": 1.1523,
            "p(90)": 0,
            "p(95)": 0,
            "p(99)": 0
        },
        "http_req_duration": {
            "min": 3.8648,
            "max": 108.0812,
            "p(90)": 18.85563,
            "p(95)": 26.814124999999976,
            "p(99)": 59.02370699999996,
            "avg": 12.87411870995921,
            "med": 10.6716
        },
        "vus": {
            "min": 15,
            "max": 15,
            "value": 15
        }
    }
}