{
    "root_group": {
        "path": "",
        "id": "d41d8cd98f00b204e9800998ecf8427e",
        "groups": {},
        "checks": {},
        "name": ""
    },
    "metrics": {
        "http_req_duration{expected_response:true}": {
            "p(99)": 47.86550999999992,
            "avg": 13.382636646234657,
            "med": 11.2641,
            "min": 4.1091,
            "max": 109.2742,
            "p(90)": 21.0019,
            "p(95)": 28.301125000000003
        },
        "http_req_connecting": {
            "min": 0,
            "max": 2.2379,
            "p(90)": 0,
            "p(95)": 0,
            "p(99)": 0,
            "avg": 0.00410803415061296,
            "med": 0
        },
        "vus_max": {
            "value": 20,
            "min": 20,
            "max": 20
        },
        "http_req_sending": {
            "p(95)": 0,
            "p(99)": 0.5372799999999995,
            "avg": 0.012893903239929946,
            "med": 0,
            "min": 0,
            "max": 3.6332,
            "p(90)": 0
        },
        "http_req_tls_handshaking": {
            "med": 0,
            "min": 0,
            "max": 0,
            "p(90)": 0,
            "p(95)": 0,
            "p(99)": 0,
            "avg": 0
        },
        "http_req_receiving": {
            "max": 6.1759,
            "p(90)": 0.5039,
            "p(95)": 0.5409250000000001,
            "p(99)": 0.7700949999999984,
            "avg": 0.06841433887915946,
            "med": 0,
            "min": 0
        },
        "http_req_waiting": {
            "p(90)": 20.915750000000003,
            "p(95)": 28.209725,
            "p(99)": 47.634329999999906,
            "avg": 13.301328404115564,
            "med": 11.18095,
            "min": 3.7493,
            "max": 109.2715
        },
        "http_req_duration": {
            "avg": 13.382636646234657,
            "med": 11.2641,
            "min": 4.1091,
            "max": 109.2742,
            "p(90)": 21.0019,
            "p(95)": 28.301125000000003,
            "p(99)": 47.86550999999992
        },
        "data_received": {
            "rate": 51096.40436897646,
            "count": 6169084
        },
        "data_sent": {
            "rate": 24744.204707375495,
            "count": 2987472
        },
        "http_reqs": {
            "count": 9136,
            "rate": 75.67035078708102
        },
        "vus": {
            "value": 20,
            "min": 20,
            "max": 20
        },
        "http_req_failed": {
            "passes": 0,
            "fails": 9136,
            "value": 0
        },
        "http_req_blocked": {
            "med": 0,
            "min": 0,
            "max": 11.6171,
            "p(90)": 0,
            "p(95)": 0,
            "p(99)": 0,
            "avg": 0.027427506567425576
        },
        "iterations": {
            "count": 2284,
            "rate": 18.917587696770255
        },
        "iteration_duration": {
            "avg": 1054.6303422504363,
            "med": 1046.6842499999998,
            "min": 1027.4413,
            "max": 1268.5325,
            "p(90)": 1081.70774,
            "p(95)": 1105.01734,
            "p(99)": 1171.0841480000001
        }
    }
}