{
    "root_group": {
        "groups": {},
        "checks": {},
        "name": "",
        "path": "",
        "id": "d41d8cd98f00b204e9800998ecf8427e"
    },
    "metrics": {
        "http_req_receiving": {
            "med": 0,
            "min": 0,
            "max": 17.8312,
            "p(90)": 0.5085,
            "p(95)": 0.5546,
            "p(99)": 0.7829740000000005,
            "avg": 0.07262753923867946
        },
        "vus_max": {
            "min": 50,
            "max": 50,
            "value": 50
        },
        "http_req_failed": {
            "passes": 0,
            "fails": 22172,
            "value": 0
        },
        "data_sent": {
            "count": 7250244,
            "rate": 59914.61265041744
        },
        "http_req_duration{expected_response:true}": {
            "avg": 21.425892909976646,
            "med": 14.40545,
            "min": 3.9379,
            "max": 364.5077,
            "p(90)": 37.576240000000006,
            "p(95)": 55.589800000000025,
            "p(99)": 134.41533100000012
        },
        "iterations": {
            "count": 5543,
            "rate": 45.806278784722814
        },
        "iteration_duration": {
            "p(95)": 1212.76243,
            "p(99)": 1446.9043779999997,
            "avg": 1086.7880565397786,
            "med": 1058.8472,
            "min": 1027.6165,
            "max": 2059.5479,
            "p(90)": 1150.7916
        },
        "http_req_duration": {
            "max": 364.5077,
            "p(90)": 37.576240000000006,
            "p(95)": 55.589800000000025,
            "p(99)": 134.41533100000012,
            "avg": 21.425892909976646,
            "med": 14.40545,
            "min": 3.9379
        },
        "http_req_blocked": {
            "med": 0,
            "min": 0,
            "max": 12.214,
            "p(90)": 0,
            "p(95)": 0,
            "p(99)": 0,
            "avg": 0.029345390582716933
        },
        "vus": {
            "value": 2,
            "min": 2,
            "max": 50
        },
        "data_received": {
            "count": 14971643,
            "rate": 123722.75899753632
        },
        "http_reqs": {
            "count": 22172,
            "rate": 183.22511513889125
        },
        "http_req_connecting": {
            "avg": 0.008375744181850978,
            "med": 0,
            "min": 0,
            "max": 4.8772,
            "p(90)": 0,
            "p(95)": 0,
            "p(99)": 0
        },
        "http_req_waiting": {
            "avg": 21.338312046725587,
            "med": 14.321349999999999,
            "min": 3.9379,
            "max": 364.5077,
            "p(90)": 37.42396000000003,
            "p(95)": 55.50506,
            "p(99)": 134.41533100000012
        },
        "http_req_tls_handshaking": {
            "med": 0,
            "min": 0,
            "max": 0,
            "p(90)": 0,
            "p(95)": 0,
            "p(99)": 0,
            "avg": 0
        },
        "http_req_sending": {
            "p(90)": 0,
            "p(95)": 0,
            "p(99)": 0.5535,
            "avg": 0.014953324012267706,
            "med": 0,
            "min": 0,
            "max": 3.581
        }
    }
}