{
    "root_group": {
        "path": "",
        "id": "d41d8cd98f00b204e9800998ecf8427e",
        "groups": {},
        "checks": {},
        "name": ""
    },
    "metrics": {
        "http_req_waiting": {
            "avg": 15.829561067019393,
            "med": 14.1025,
            "min": 5.4244,
            "max": 73.9429,
            "p(90)": 24.00416,
            "p(95)": 28.87168,
            "p(99)": 45.239301
        },
        "http_req_receiving": {
            "avg": 0.08295224867724868,
            "med": 0,
            "min": 0,
            "max": 1.6827,
            "p(90)": 0.5095,
            "p(95)": 0.597295,
            "p(99)": 0.8397609999999991
        },
        "http_req_connecting": {
            "avg": 0.0023712962962962963,
            "med": 0,
            "min": 0,
            "max": 1.177,
            "p(90)": 0,
            "p(95)": 0,
            "p(99)": 0
        },
        "vus": {
            "value": 5,
            "min": 5,
            "max": 5
        },
        "iteration_duration": {
            "max": 1190.1295,
            "p(90)": 1089.82474,
            "p(95)": 1098.3750799999998,
            "p(99)": 1175.2327460000004,
            "avg": 1064.7896839506184,
            "med": 1060.5631,
            "min": 1032.4551
        },
        "http_req_duration": {
            "p(90)": 24.058249999999997,
            "p(95)": 28.909020000000005,
            "p(99)": 45.313088999999984,
            "avg": 15.926096472663152,
            "med": 14.2066,
            "min": 5.4244,
            "max": 73.9429
        },
        "data_sent": {
            "count": 741636,
            "rate": 6132.071452210626
        },
        "data_received": {
            "count": 1531467,
            "rate": 12662.633786254512
        },
        "iterations": {
            "count": 567,
            "rate": 4.688128021567757
        },
        "http_req_failed": {
            "passes": 0,
            "fails": 2268,
            "value": 0
        },
        "vus_max": {
            "value": 5,
            "min": 5,
            "max": 5
        },
        "http_reqs": {
            "count": 2268,
            "rate": 18.75251208627103
        },
        "http_req_duration{expected_response:true}": {
            "max": 73.9429,
            "p(90)": 24.058249999999997,
            "p(95)": 28.909020000000005,
            "p(99)": 45.313088999999984,
            "avg": 15.926096472663152,
            "med": 14.2066,
            "min": 5.4244
        },
        "http_req_blocked": {
            "p(99)": 0,
            "avg": 0.03625533509700176,
            "med": 0,
            "min": 0,
            "max": 15.7028,
            "p(90)": 0,
            "p(95)": 0
        },
        "http_req_sending": {
            "avg": 0.013583156966490295,
            "med": 0,
            "min": 0,
            "max": 0.7779,
            "p(90)": 0,
            "p(95)": 0,
            "p(99)": 0.5550239999999999
        },
        "http_req_tls_handshaking": {
            "p(99)": 0,
            "avg": 0,
            "med": 0,
            "min": 0,
            "max": 0,
            "p(90)": 0,
            "p(95)": 0
        }
    }
}