{
    "root_group": {
        "name": "",
        "path": "",
        "id": "d41d8cd98f00b204e9800998ecf8427e",
        "groups": {},
        "checks": {}
    },
    "metrics": {
        "vus_max": {
            "max": 50,
            "value": 50,
            "min": 50
        },
        "http_req_blocked": {
            "p(99)": 0.5452720000000001,
            "avg": 0.051024488004681144,
            "med": 0,
            "min": 0,
            "max": 22.0289,
            "p(90)": 0,
            "p(95)": 0
        },
        "http_req_receiving": {
            "min": 0,
            "max": 26.5784,
            "p(90)": 0.55623,
            "p(95)": 0.6097649999999998,
            "p(99)": 0.9975290000000016,
            "avg": 0.1109535888433783,
            "med": 0
        },
        "http_req_failed": {
            "passes": 0,
            "fails": 20508,
            "value": 0
        },
        "http_reqs": {
            "count": 20508,
            "rate": 169.35996859464322
        },
        "data_sent": {
            "count": 6706116,
            "rate": 55380.70973044833
        },
        "data_received": {
            "count": 13848027,
            "rate": 114360.31879353283
        },
        "http_req_waiting": {
            "med": 35.12945,
            "min": 8.1754,
            "max": 571.909,
            "p(90)": 70.53272,
            "p(95)": 91.92791999999994,
            "p(99)": 202.49788600000016,
            "avg": 43.27965229666475
        },
        "iteration_duration": {
            "min": 1051.2631,
            "max": 2247.5435,
            "p(90)": 1265.75528,
            "p(95)": 1336.7506999999998,
            "p(99)": 1845.2716539999997,
            "avg": 1175.1457925687564,
            "med": 1145.9323
        },
        "iterations": {
            "rate": 42.339992148660805,
            "count": 5127
        },
        "http_req_duration": {
            "p(95)": 92.07682999999983,
            "p(99)": 202.66938000000005,
            "avg": 43.41939543105152,
            "med": 35.24965,
            "min": 8.5427,
            "max": 571.909,
            "p(90)": 70.65229999999998
        },
        "vus": {
            "value": 1,
            "min": 1,
            "max": 50
        },
        "http_req_connecting": {
            "max": 4.1232,
            "p(90)": 0,
            "p(95)": 0,
            "p(99)": 0,
            "avg": 0.002948303101228789,
            "med": 0,
            "min": 0
        },
        "http_req_tls_handshaking": {
            "avg": 0,
            "med": 0,
            "min": 0,
            "max": 0,
            "p(90)": 0,
            "p(95)": 0,
            "p(99)": 0
        },
        "http_req_sending": {
            "med": 0,
            "min": 0,
            "max": 4.1127,
            "p(90)": 0,
            "p(95)": 0,
            "p(99)": 0.622893,
            "avg": 0.028789545543202667
        },
        "http_req_duration{expected_response:true}": {
            "avg": 43.41939543105152,
            "med": 35.24965,
            "min": 8.5427,
            "max": 571.909,
            "p(90)": 70.65229999999998,
            "p(95)": 92.07682999999983,
            "p(99)": 202.66938000000005
        }
    }
}