{
    "root_group": {
        "checks": {},
        "name": "",
        "path": "",
        "id": "d41d8cd98f00b204e9800998ecf8427e",
        "groups": {}
    },
    "metrics": {
        "http_req_sending": {
            "min": 0,
            "max": 3.6532,
            "p(90)": 0,
            "p(95)": 0,
            "p(99)": 0.6149320000000007,
            "avg": 0.030442184643510048,
            "med": 0
        },
        "http_req_failed": {
            "passes": 0,
            "fails": 2188,
            "value": 0
        },
        "http_req_duration": {
            "p(99)": 63.160846000000035,
            "avg": 25.407007449725704,
            "med": 22.72685,
            "min": 8.1031,
            "max": 83.3341,
            "p(90)": 40.70331,
            "p(95)": 47.147865000000024
        },
        "http_req_waiting": {
            "max": 82.7776,
            "p(90)": 40.30983,
            "p(95)": 46.91242500000001,
            "p(99)": 62.90032000000003,
            "avg": 25.25440653564896,
            "med": 22.585549999999998,
            "min": 8.1031
        },
        "iterations": {
            "count": 547,
            "rate": 4.5319116877156524
        },
        "vus_max": {
            "value": 5,
            "min": 5,
            "max": 5
        },
        "http_req_duration{expected_response:true}": {
            "p(95)": 47.147865000000024,
            "p(99)": 63.160846000000035,
            "avg": 25.407007449725704,
            "med": 22.72685,
            "min": 8.1031,
            "max": 83.3341,
            "p(90)": 40.70331
        },
        "http_req_tls_handshaking": {
            "max": 0,
            "p(90)": 0,
            "p(95)": 0,
            "p(99)": 0,
            "avg": 0,
            "med": 0,
            "min": 0
        },
        "http_req_connecting": {
            "p(99)": 0,
            "avg": 0.005384826325411335,
            "med": 0,
            "min": 0,
            "max": 2.3564,
            "p(90)": 0,
            "p(95)": 0
        },
        "http_req_receiving": {
            "avg": 0.12215872943327237,
            "med": 0,
            "min": 0,
            "max": 5.4717,
            "p(90)": 0.5569099999999999,
            "p(95)": 0.6196500000000003,
            "p(99)": 1.0092040000000002
        },
        "data_sent": {
            "count": 715476,
            "rate": 5927.7404875320735
        },
        "data_received": {
            "count": 1477447,
            "rate": 12240.693468519978
        },
        "http_req_blocked": {
            "p(99)": 0.5569200000000004,
            "avg": 0.053046709323583165,
            "med": 0,
            "min": 0,
            "max": 20.0274,
            "p(90)": 0,
            "p(95)": 0
        },
        "iteration_duration": {
            "p(99)": 1182.8591459999998,
            "avg": 1103.1560771480808,
            "med": 1097.7474,
            "min": 1050.9963,
            "max": 1209.234,
            "p(90)": 1152.6435999999999,
            "p(95)": 1164.03694
        },
        "http_reqs": {
            "count": 2188,
            "rate": 18.12764675086261
        },
        "vus": {
            "value": 5,
            "min": 5,
            "max": 5
        }
    }
}