{
    "metrics": {
        "http_reqs": {
            "count": 448,
            "rate": 3.7020007374567263
        },
        "http_req_blocked": {
            "p(90)": 0,
            "p(95)": 0,
            "p(99)": 0.6171139999999947,
            "avg": 0.05280580357142857,
            "med": 0,
            "min": 0,
            "max": 19.4119
        },
        "http_req_tls_handshaking": {
            "max": 0,
            "p(90)": 0,
            "p(95)": 0,
            "p(99)": 0,
            "avg": 0,
            "med": 0,
            "min": 0
        },
        "vus_max": {
            "value": 1,
            "min": 1,
            "max": 1
        },
        "http_req_waiting": {
            "max": 56.4495,
            "p(90)": 27.69666,
            "p(95)": 33.404095,
            "p(99)": 44.41425599999998,
            "avg": 19.550805133928566,
            "med": 18.62105,
            "min": 8.1292
        },
        "http_req_receiving": {
            "p(90)": 0.5730900000000001,
            "p(95)": 0.6567799999999998,
            "p(99)": 1.0369149999999994,
            "avg": 0.12250357142857146,
            "med": 0,
            "min": 0,
            "max": 1.6943
        },
        "http_req_failed": {
            "passes": 0,
            "fails": 448,
            "value": 0
        },
        "vus": {
            "value": 1,
            "min": 1,
            "max": 1
        },
        "data_sent": {
            "count": 146496,
            "rate": 1210.5542411483495
        },
        "iterations": {
            "count": 112,
            "rate": 0.9255001843641816
        },
        "data_received": {
            "count": 302512,
            "rate": 2499.7759979676543
        },
        "iteration_duration": {
            "med": 1074.8296,
            "min": 1053.2934,
            "max": 1168.0847,
            "p(90)": 1105.90105,
            "p(95)": 1117.278525,
            "p(99)": 1152.531392,
            "avg": 1080.4879071428575
        },
        "http_req_duration": {
            "avg": 19.702864285714274,
            "med": 18.826549999999997,
            "min": 8.5661,
            "max": 56.4495,
            "p(90)": 27.890190000000004,
            "p(95)": 33.404095,
            "p(99)": 44.41425599999998
        },
        "http_req_sending": {
            "p(95)": 0.29652999999998964,
            "p(99)": 0.5600719999999999,
            "avg": 0.029555580357142862,
            "med": 0,
            "min": 0,
            "max": 1.0739,
            "p(90)": 0
        },
        "http_req_duration{expected_response:true}": {
            "avg": 19.702864285714274,
            "med": 18.826549999999997,
            "min": 8.5661,
            "max": 56.4495,
            "p(90)": 27.890190000000004,
            "p(95)": 33.404095,
            "p(99)": 44.41425599999998
        },
        "http_req_connecting": {
            "p(99)": 0,
            "avg": 0.003923214285714286,
            "med": 0,
            "min": 0,
            "max": 1.7576,
            "p(90)": 0,
            "p(95)": 0
        }
    },
    "root_group": {
        "checks": {},
        "name": "",
        "path": "",
        "id": "d41d8cd98f00b204e9800998ecf8427e",
        "groups": {}
    }
}