{
    "root_group": {
        "name": "",
        "path": "",
        "id": "d41d8cd98f00b204e9800998ecf8427e",
        "groups": {},
        "checks": {}
    },
    "metrics": {
        "iterations": {
            "count": 2148,
            "rate": 17.749623884808816
        },
        "http_req_failed": {
            "fails": 8592,
            "passes": 0,
            "value": 0
        },
        "http_req_tls_handshaking": {
            "max": 0,
            "p(90)": 0,
            "p(95)": 0,
            "p(99)": 0,
            "avg": 0,
            "med": 0,
            "min": 0
        },
        "http_req_receiving": {
            "avg": 0.12541912243947834,
            "med": 0,
            "min": 0,
            "max": 3.4056,
            "p(90)": 0.56359,
            "p(95)": 0.63549,
            "p(99)": 0.9870630000000001
        },
        "http_req_connecting": {
            "p(90)": 0,
            "p(95)": 0,
            "p(99)": 0,
            "avg": 0.003179946461824953,
            "med": 0,
            "min": 0,
            "max": 1.657
        },
        "data_sent": {
            "count": 2809584,
            "rate": 23216.50804132993
        },
        "data_received": {
            "count": 5801748,
            "rate": 47941.73411286861
        },
        "http_req_duration": {
            "med": 25.5604,
            "min": 7.7796,
            "max": 230.6467,
            "p(90)": 50.21282,
            "p(95)": 60.350885,
            "p(99)": 102.27717600000015,
            "avg": 30.105166119646274
        },
        "http_req_blocked": {
            "avg": 0.059559508845437585,
            "med": 0,
            "min": 0,
            "max": 23.1211,
            "p(90)": 0,
            "p(95)": 0,
            "p(99)": 0.5580810000000002
        },
        "http_req_waiting": {
            "p(90)": 50.03192000000001,
            "p(95)": 60.131355,
            "p(99)": 102.27717600000015,
            "avg": 29.94761139432038,
            "med": 25.3916,
            "min": 6.3152,
            "max": 230.6467
        },
        "vus": {
            "value": 1,
            "min": 1,
            "max": 20
        },
        "vus_max": {
            "value": 20,
            "min": 20,
            "max": 20
        },
        "http_reqs": {
            "count": 8592,
            "rate": 70.99849553923526
        },
        "iteration_duration": {
            "med": 1109.73525,
            "min": 1045.9817,
            "max": 1670.1993,
            "p(90)": 1180.95181,
            "p(95)": 1203.5745550000001,
            "p(99)": 1329.4942040000012,
            "avg": 1121.8869117783966
        },
        "http_req_duration{expected_response:true}": {
            "max": 230.6467,
            "p(90)": 50.21282,
            "p(95)": 60.350885,
            "p(99)": 102.27717600000015,
            "avg": 30.105166119646274,
            "med": 25.5604,
            "min": 7.7796
        },
        "http_req_sending": {
            "max": 13.5688,
            "p(90)": 0,
            "p(95)": 0.39484499999999706,
            "p(99)": 0.6373520000000004,
            "avg": 0.032135602886405976,
            "med": 0,
            "min": 0
        }
    }
}