{
    "metrics": {
        "vus_max": {
            "value": 15,
            "min": 15,
            "max": 15
        },
        "http_req_receiving": {
            "avg": 0.07688910411622285,
            "med": 0,
            "min": 0,
            "max": 1.6546,
            "p(90)": 0.5062,
            "p(95)": 0.54603,
            "p(99)": 0.8550720000000059
        },
        "http_req_duration": {
            "avg": 19.516826256053207,
            "med": 10.586649999999999,
            "min": 3.5618,
            "max": 1121.553,
            "p(90)": 22.49898,
            "p(95)": 45.70488499999997,
            "p(99)": 201.27800400000072
        },
        "data_received": {
            "count": 4462052,
            "rate": 36867.16512415416
        },
        "http_req_sending": {
            "min": 0,
            "max": 1.1675,
            "p(90)": 0,
            "p(95)": 0,
            "p(99)": 0.526472,
            "avg": 0.011039785108958835,
            "med": 0
        },
        "data_sent": {
            "count": 2160816,
            "rate": 17853.480926469325
        },
        "vus": {
            "value": 2,
            "min": 2,
            "max": 15
        },
        "http_req_connecting": {
            "p(95)": 0,
            "p(99)": 0,
            "avg": 0.013342039951573851,
            "med": 0,
            "min": 0,
            "max": 6.8769,
            "p(90)": 0
        },
        "http_req_blocked": {
            "avg": 3.762089860774818,
            "med": 0,
            "min": 0,
            "max": 1658.2222,
            "p(90)": 0,
            "p(95)": 0,
            "p(99)": 0
        },
        "http_req_failed": {
            "fails": 6608,
            "passes": 0,
            "value": 0
        },
        "http_req_waiting": {
            "p(95)": 45.662324999999925,
            "p(99)": 201.27800400000072,
            "avg": 19.428897366828114,
            "med": 10.51365,
            "min": 3.5618,
            "max": 1121.553,
            "p(90)": 22.378040000000002
        },
        "iterations": {
            "count": 1652,
            "rate": 13.649450249594285
        },
        "http_req_duration{expected_response:true}": {
            "avg": 19.516826256053207,
            "med": 10.586649999999999,
            "min": 3.5618,
            "max": 1121.553,
            "p(90)": 22.49898,
            "p(95)": 45.70488499999997,
            "p(99)": 201.27800400000072
        },
        "http_req_tls_handshaking": {
            "p(99)": 0,
            "avg": 0,
            "med": 0,
            "min": 0,
            "max": 0,
            "p(90)": 0,
            "p(95)": 0
        },
        "iteration_duration": {
            "min": 1023.8763,
            "max": 4614.5757,
            "p(90)": 1083.39154,
            "p(95)": 1169.3469399999983,
            "p(99)": 1692.007507,
            "avg": 1093.9376480024189,
            "med": 1043.95225
        },
        "http_reqs": {
            "count": 6608,
            "rate": 54.59780099837714
        }
    },
    "root_group": {
        "name": "",
        "path": "",
        "id": "d41d8cd98f00b204e9800998ecf8427e",
        "groups": {},
        "checks": {}
    }
}