{
    "metrics": {
        "http_req_receiving": {
            "avg": 0.05999322552447554,
            "med": 0,
            "min": 0,
            "max": 1.5134,
            "p(90)": 0.3479900000000064,
            "p(95)": 0.5310150000000001,
            "p(99)": 0.7347950000000012
        },
        "iterations": {
            "count": 572,
            "rate": 4.746063246742438
        },
        "iteration_duration": {
            "max": 1154.9214,
            "p(90)": 1069.67364,
            "p(95)": 1075.6283749999998,
            "p(99)": 1135.6992249999998,
            "avg": 1051.8770958041962,
            "med": 1047.35175,
            "min": 1029.2538
        },
        "vus_max": {
            "value": 5,
            "min": 5,
            "max": 5
        },
        "data_received": {
            "count": 1544972,
            "rate": 12819.116829451326
        },
        "http_req_waiting": {
            "max": 58.7879,
            "p(90)": 18.796850000000013,
            "p(95)": 22.664905,
            "p(99)": 37.069849000000055,
            "avg": 12.625873033216765,
            "med": 11.42895,
            "min": 4.4561
        },
        "http_req_blocked": {
            "p(90)": 0,
            "p(95)": 0,
            "p(99)": 0,
            "avg": 0.030764947552447543,
            "med": 0,
            "min": 0,
            "max": 12.743
        },
        "http_req_sending": {
            "avg": 0.013717744755244754,
            "med": 0,
            "min": 0,
            "max": 1.5578,
            "p(90)": 0,
            "p(95)": 0,
            "p(99)": 0.5506210000000001
        },
        "http_req_failed": {
            "passes": 0,
            "fails": 2288,
            "value": 0
        },
        "http_req_duration{expected_response:true}": {
            "p(99)": 37.21020100000011,
            "avg": 12.699584003496488,
            "med": 11.507200000000001,
            "min": 4.4561,
            "max": 58.7879,
            "p(90)": 18.94046,
            "p(95)": 22.68329
        },
        "http_req_connecting": {
            "p(99)": 0,
            "avg": 0.0011018356643356644,
            "med": 0,
            "min": 0,
            "max": 0.5042,
            "p(90)": 0,
            "p(95)": 0
        },
        "data_sent": {
            "count": 748176,
            "rate": 6207.85072673911
        },
        "http_req_duration": {
            "p(90)": 18.94046,
            "p(95)": 22.68329,
            "p(99)": 37.21020100000011,
            "avg": 12.699584003496488,
            "med": 11.507200000000001,
            "min": 4.4561,
            "max": 58.7879
        },
        "http_req_tls_handshaking": {
            "min": 0,
            "max": 0,
            "p(90)": 0,
            "p(95)": 0,
            "p(99)": 0,
            "avg": 0,
            "med": 0
        },
        "http_reqs": {
            "count": 2288,
            "rate": 18.984252986969754
        },
        "vus": {
            "value": 5,
            "min": 5,
            "max": 5
        }
    },
    "root_group": {
        "name": "",
        "path": "",
        "id": "d41d8cd98f00b204e9800998ecf8427e",
        "groups": {},
        "checks": {}
    }
}