{
    "root_group": {
        "name": "",
        "path": "",
        "id": "d41d8cd98f00b204e9800998ecf8427e",
        "groups": {},
        "checks": {}
    },
    "metrics": {
        "http_req_blocked": {
            "avg": 0.036281162280701766,
            "med": 0,
            "min": 0,
            "max": 15.7366,
            "p(90)": 0,
            "p(95)": 0,
            "p(99)": 0
        },
        "iterations": {
            "count": 1140,
            "rate": 9.427418602712638
        },
        "http_req_duration": {
            "p(99)": 50.59920599999966,
            "avg": 14.070435350877178,
            "med": 12.29515,
            "min": 4.8056,
            "max": 118.0168,
            "p(90)": 21.17372,
            "p(95)": 25.570495000000005
        },
        "vus_max": {
            "value": 10,
            "min": 10,
            "max": 10
        },
        "data_sent": {
            "count": 1491120,
            "rate": 12331.063532348131
        },
        "http_req_receiving": {
            "avg": 0.07570984649122799,
            "med": 0,
            "min": 0,
            "max": 9.5757,
            "p(90)": 0.511,
            "p(95)": 0.5473,
            "p(99)": 0.7219319999999992
        },
        "data_received": {
            "count": 3079140,
            "rate": 25463.457645926836
        },
        "http_reqs": {
            "count": 4560,
            "rate": 37.70967441085055
        },
        "http_req_duration{expected_response:true}": {
            "med": 12.29515,
            "min": 4.8056,
            "max": 118.0168,
            "p(90)": 21.17372,
            "p(95)": 25.570495000000005,
            "p(99)": 50.59920599999966,
            "avg": 14.070435350877178
        },
        "vus": {
            "value": 10,
            "min": 10,
            "max": 10
        },
        "http_req_failed": {
            "fails": 4560,
            "passes": 0,
            "value": 0
        },
        "http_req_tls_handshaking": {
            "p(99)": 0,
            "avg": 0,
            "med": 0,
            "min": 0,
            "max": 0,
            "p(90)": 0,
            "p(95)": 0
        },
        "http_req_waiting": {
            "p(95)": 25.30672,
            "p(99)": 50.59920599999966,
            "avg": 13.98321263157894,
            "med": 12.20645,
            "min": 4.5289,
            "max": 118.0168,
            "p(90)": 21.019000000000002
        },
        "iteration_duration": {
            "p(95)": 1089.2510650000002,
            "p(99)": 1217.3134939999989,
            "avg": 1057.272449649122,
            "med": 1051.6831,
            "min": 1029.7934,
            "max": 1318.5424,
            "p(90)": 1076.2731700000002
        },
        "http_req_sending": {
            "p(90)": 0,
            "p(95)": 0,
            "p(99)": 0.5448049999999999,
            "avg": 0.011512872807017542,
            "med": 0,
            "min": 0,
            "max": 1.1002
        },
        "http_req_connecting": {
            "max": 2.5252,
            "p(90)": 0,
            "p(95)": 0,
            "p(99)": 0,
            "avg": 0.0033282456140350876,
            "med": 0,
            "min": 0
        }
    }
}