{
    "metrics": {
        "iteration_duration": {
            "avg": 1059.797178500294,
            "med": 1050.5293,
            "min": 1027.5943,
            "max": 1472.2076,
            "p(90)": 1085.49964,
            "p(95)": 1114.9358599999998,
            "p(99)": 1204.0820900000012
        },
        "vus_max": {
            "max": 15,
            "value": 15,
            "min": 15
        },
        "data_sent": {
            "count": 2232756,
            "rate": 18448.082983359895
        },
        "http_req_connecting": {
            "min": 0,
            "max": 1.6358,
            "p(90)": 0,
            "p(95)": 0,
            "p(99)": 0,
            "avg": 0.003194346807264206,
            "med": 0
        },
        "http_req_duration": {
            "max": 199.601,
            "p(90)": 22.46671,
            "p(95)": 30.5434,
            "p(99)": 58.44614699999964,
            "avg": 14.64933700937314,
            "med": 11.98515,
            "min": 3.5412
        },
        "data_received": {
            "count": 4610607,
            "rate": 38095.00927985862
        },
        "http_req_failed": {
            "passes": 0,
            "fails": 6828,
            "value": 0
        },
        "iterations": {
            "count": 1707,
            "rate": 14.104038978103894
        },
        "http_req_sending": {
            "p(90)": 0,
            "p(95)": 0,
            "p(99)": 0.539473,
            "avg": 0.013084636789689512,
            "med": 0,
            "min": 0,
            "max": 5.7848
        },
        "http_req_duration{expected_response:true}": {
            "p(99)": 58.44614699999964,
            "avg": 14.64933700937314,
            "med": 11.98515,
            "min": 3.5412,
            "max": 199.601,
            "p(90)": 22.46671,
            "p(95)": 30.5434
        },
        "http_req_tls_handshaking": {
            "p(99)": 0,
            "avg": 0,
            "med": 0,
            "min": 0,
            "max": 0,
            "p(90)": 0,
            "p(95)": 0
        },
        "http_reqs": {
            "count": 6828,
            "rate": 56.416155912415576
        },
        "http_req_blocked": {
            "avg": 0.03583478324545985,
            "med": 0,
            "min": 0,
            "max": 14.4972,
            "p(90)": 0,
            "p(95)": 0,
            "p(99)": 0
        },
        "vus": {
            "min": 1,
            "max": 15,
            "value": 1
        },
        "http_req_waiting": {
            "max": 199.601,
            "p(90)": 22.36738,
            "p(95)": 30.320984999999986,
            "p(99)": 58.44614699999964,
            "avg": 14.562848169302875,
            "med": 11.878250000000001,
            "min": 3.5412
        },
        "http_req_receiving": {
            "med": 0,
            "min": 0,
            "max": 7.3462,
            "p(90)": 0.50599,
            "p(95)": 0.554765,
            "p(99)": 0.7923919999999999,
            "avg": 0.07340420328060923
        }
    },
    "root_group": {
        "path": "",
        "id": "d41d8cd98f00b204e9800998ecf8427e",
        "groups": {},
        "checks": {},
        "name": ""
    }
}