{
    "root_group": {
        "groups": {},
        "checks": {},
        "name": "",
        "path": "",
        "id": "d41d8cd98f00b204e9800998ecf8427e"
    },
    "metrics": {
        "http_req_failed": {
            "passes": 0,
            "fails": 9128,
            "value": 0
        },
        "http_req_duration{expected_response:true}": {
            "p(90)": 21.146800000000006,
            "p(95)": 27.697809999999986,
            "p(99)": 53.48047299999983,
            "avg": 13.709839417177955,
            "med": 11.3855,
            "min": 3.5006,
            "max": 162.4849
        },
        "http_req_connecting": {
            "max": 2.0526,
            "p(90)": 0,
            "p(95)": 0,
            "p(99)": 0,
            "avg": 0.002947524101665207,
            "med": 0,
            "min": 0
        },
        "http_req_waiting": {
            "p(95)": 27.572960000000002,
            "p(99)": 53.48047299999983,
            "avg": 13.631025887379524,
            "med": 11.2998,
            "min": 3.5006,
            "max": 162.4849,
            "p(90)": 20.921690000000012
        },
        "data_sent": {
            "count": 2984856,
            "rate": 24700.00489927752
        },
        "http_req_blocked": {
            "p(99)": 0,
            "avg": 0.02502994084136722,
            "med": 0,
            "min": 0,
            "max": 11.2473,
            "p(90)": 0,
            "p(95)": 0
        },
        "http_req_duration": {
            "p(95)": 27.697809999999986,
            "p(99)": 53.48047299999983,
            "avg": 13.709839417177955,
            "med": 11.3855,
            "min": 3.5006,
            "max": 162.4849,
            "p(90)": 21.146800000000006
        },
        "iterations": {
            "count": 2282,
            "rate": 18.88379579455468
        },
        "http_reqs": {
            "rate": 75.53518317821872,
            "count": 9128
        },
        "vus_max": {
            "value": 20,
            "min": 20,
            "max": 20
        },
        "http_req_sending": {
            "med": 0,
            "min": 0,
            "max": 10.3478,
            "p(90)": 0,
            "p(95)": 0,
            "p(99)": 0.5459109999999997,
            "avg": 0.014617068361086769
        },
        "data_received": {
            "count": 6163682,
            "rate": 51005.13244109219
        },
        "iteration_duration": {
            "med": 1048.1114,
            "min": 1025.7073,
            "max": 1395.5376,
            "p(90)": 1077.98809,
            "p(95)": 1111.28144,
            "p(99)": 1199.8928370000003,
            "avg": 1055.988228878176
        },
        "vus": {
            "value": 20,
            "min": 20,
            "max": 20
        },
        "http_req_receiving": {
            "p(95)": 0.5425899999999998,
            "p(99)": 0.8044839999999996,
            "avg": 0.06419646143733572,
            "med": 0,
            "min": 0,
            "max": 4.0819,
            "p(90)": 0.4659600000000264
        },
        "http_req_tls_handshaking": {
            "p(90)": 0,
            "p(95)": 0,
            "p(99)": 0,
            "avg": 0,
            "med": 0,
            "min": 0,
            "max": 0
        }
    }
}