{
    "metrics": {
        "http_req_tls_handshaking": {
            "p(90)": 0,
            "p(95)": 0,
            "p(99)": 0,
            "avg": 0,
            "med": 0,
            "min": 0,
            "max": 0
        },
        "iterations": {
            "count": 1141,
            "rate": 9.431616946217162
        },
        "data_sent": {
            "rate": 12336.554965652047,
            "count": 1492428
        },
        "iteration_duration": {
            "p(90)": 1077.0496,
            "p(95)": 1096.1269,
            "p(99)": 1144.65252,
            "avg": 1054.571449605609,
            "med": 1048.8316,
            "min": 1027.0224,
            "max": 1201.3344
        },
        "http_req_blocked": {
            "avg": 0.024892002629272568,
            "med": 0,
            "min": 0,
            "max": 10.2999,
            "p(90)": 0,
            "p(95)": 0,
            "p(99)": 0
        },
        "http_req_connecting": {
            "p(95)": 0,
            "p(99)": 0,
            "avg": 0.0018926380368098164,
            "med": 0,
            "min": 0,
            "max": 1.1321,
            "p(90)": 0
        },
        "vus_max": {
            "value": 10,
            "min": 10,
            "max": 10
        },
        "vus": {
            "value": 10,
            "min": 10,
            "max": 10
        },
        "http_reqs": {
            "count": 4564,
            "rate": 37.726467784868646
        },
        "http_req_receiving": {
            "p(90)": 0.5041,
            "p(95)": 0.5419549999999999,
            "p(99)": 0.7766839999999996,
            "avg": 0.06879851007887826,
            "med": 0,
            "min": 0,
            "max": 2.3178
        },
        "http_req_waiting": {
            "p(99)": 47.407984,
            "avg": 13.282102936021001,
            "med": 11.4362,
            "min": 4.3121,
            "max": 72.4187,
            "p(90)": 20.63433999999999,
            "p(95)": 25.65808499999998
        },
        "http_req_duration": {
            "avg": 13.365592638036766,
            "med": 11.5183,
            "min": 4.3121,
            "max": 72.4187,
            "p(90)": 20.786029999999997,
            "p(95)": 25.76618499999998,
            "p(99)": 47.46888699999999
        },
        "data_received": {
            "count": 3081841,
            "rate": 25474.79737173255
        },
        "http_req_duration{expected_response:true}": {
            "p(95)": 25.76618499999998,
            "p(99)": 47.46888699999999,
            "avg": 13.365592638036766,
            "med": 11.5183,
            "min": 4.3121,
            "max": 72.4187,
            "p(90)": 20.786029999999997
        },
        "http_req_sending": {
            "min": 0,
            "max": 1.5181,
            "p(90)": 0,
            "p(95)": 0,
            "p(99)": 0.5479479999999999,
            "avg": 0.014691191936897462,
            "med": 0
        },
        "http_req_failed": {
            "passes": 0,
            "fails": 4564,
            "value": 0
        }
    },
    "root_group": {
        "path": "",
        "id": "d41d8cd98f00b204e9800998ecf8427e",
        "groups": {},
        "checks": {},
        "name": ""
    }
}