{
    "root_group": {
        "name": "",
        "path": "",
        "id": "d41d8cd98f00b204e9800998ecf8427e",
        "groups": {},
        "checks": {}
    },
    "metrics": {
        "http_reqs": {
            "count": 460,
            "rate": 3.8205540321945364
        },
        "iteration_duration": {
            "avg": 1046.9685721739131,
            "med": 1041.1869,
            "min": 1030.7109,
            "max": 1142.6292,
            "p(90)": 1065.1554,
            "p(95)": 1076.80766,
            "p(99)": 1131.666938
        },
        "http_req_waiting": {
            "p(99)": 35.922809,
            "avg": 11.340283695652184,
            "med": 10.3687,
            "min": 4.8657,
            "max": 49.7471,
            "p(90)": 17.399830000000005,
            "p(95)": 20.41305499999998
        },
        "vus": {
            "value": 1,
            "min": 1,
            "max": 1
        },
        "http_req_connecting": {
            "p(90)": 0,
            "p(95)": 0,
            "p(99)": 0,
            "avg": 0.0011817391304347826,
            "med": 0,
            "min": 0,
            "max": 0.5436
        },
        "http_req_receiving": {
            "p(95)": 0.570275,
            "p(99)": 0.8708779999999944,
            "avg": 0.09756673913043476,
            "med": 0,
            "min": 0,
            "max": 1.5471,
            "p(90)": 0.5048900000000001
        },
        "http_req_failed": {
            "passes": 0,
            "fails": 460,
            "value": 0
        },
        "data_received": {
            "count": 310615,
            "rate": 2579.829110239361
        },
        "http_req_duration": {
            "p(99)": 35.922809,
            "avg": 11.448238478260873,
            "med": 10.4647,
            "min": 4.9366,
            "max": 49.7471,
            "p(90)": 17.399830000000005,
            "p(95)": 20.41305499999998
        },
        "iterations": {
            "count": 115,
            "rate": 0.9551385080486341
        },
        "http_req_duration{expected_response:true}": {
            "avg": 11.448238478260873,
            "med": 10.4647,
            "min": 4.9366,
            "max": 49.7471,
            "p(90)": 17.399830000000005,
            "p(95)": 20.41305499999998,
            "p(99)": 35.922809
        },
        "http_req_blocked": {
            "p(99)": 0,
            "avg": 0.028969130434782612,
            "med": 0,
            "min": 0,
            "max": 12.7918,
            "p(90)": 0,
            "p(95)": 0
        },
        "http_req_sending": {
            "avg": 0.010388043478260868,
            "med": 0,
            "min": 0,
            "max": 0.9234,
            "p(90)": 0,
            "p(95)": 0,
            "p(99)": 0.5222089999999989
        },
        "data_sent": {
            "rate": 1249.3211685276135,
            "count": 150420
        },
        "http_req_tls_handshaking": {
            "med": 0,
            "min": 0,
            "max": 0,
            "p(90)": 0,
            "p(95)": 0,
            "p(99)": 0,
            "avg": 0
        },
        "vus_max": {
            "value": 1,
            "min": 1,
            "max": 1
        }
    }
}