{
    "metrics": {
        "http_req_tls_handshaking": {
            "min": 0,
            "max": 0,
            "p(90)": 0,
            "p(95)": 0,
            "p(99)": 0,
            "avg": 0,
            "med": 0
        },
        "http_req_duration": {
            "avg": 15.889359980568823,
            "med": 11.999749999999999,
            "min": 3.7165,
            "max": 305.9369,
            "p(90)": 23.092450000000003,
            "p(95)": 32.01424999999999,
            "p(99)": 114.24567099999999
        },
        "vus_max": {
            "max": 50,
            "value": 50,
            "min": 50
        },
        "http_req_blocked": {
            "max": 12.2795,
            "p(90)": 0,
            "p(95)": 0,
            "p(99)": 0,
            "avg": 0.026649258081611005,
            "med": 0,
            "min": 0
        },
        "http_req_waiting": {
            "avg": 15.816019625507852,
            "med": 11.9327,
            "min": 3.7165,
            "max": 305.3446,
            "p(90)": 23.000880000000006,
            "p(95)": 31.989359999999987,
            "p(99)": 114.24567099999999
        },
        "http_req_failed": {
            "passes": 0,
            "fails": 22644,
            "value": 0
        },
        "http_req_receiving": {
            "p(90)": 0.4551,
            "p(95)": 0.5369,
            "p(99)": 0.7832829999999995,
            "avg": 0.06194181240063605,
            "med": 0,
            "min": 0,
            "max": 2.3554
        },
        "http_req_sending": {
            "p(95)": 0,
            "p(99)": 0.5323129999999997,
            "avg": 0.011398542660307357,
            "med": 0,
            "min": 0,
            "max": 1.9158,
            "p(90)": 0
        },
        "vus": {
            "value": 8,
            "min": 8,
            "max": 50
        },
        "http_req_connecting": {
            "avg": 0.0016306350468115176,
            "med": 0,
            "min": 0,
            "max": 2.2997,
            "p(90)": 0,
            "p(95)": 0,
            "p(99)": 0
        },
        "data_received": {
            "count": 15290361,
            "rate": 126309.76311286312
        },
        "iteration_duration": {
            "p(95)": 1123.8604,
            "p(99)": 1397.4633799999986,
            "avg": 1064.646872725665,
            "med": 1049.1057,
            "min": 1028.3601,
            "max": 1773.5063,
            "p(90)": 1086.5469
        },
        "iterations": {
            "count": 5661,
            "rate": 46.76407371820182
        },
        "http_reqs": {
            "count": 22644,
            "rate": 187.05629487280729
        },
        "data_sent": {
            "count": 7404588,
            "rate": 61167.40842340798
        },
        "http_req_duration{expected_response:true}": {
            "p(90)": 23.092450000000003,
            "p(95)": 32.01424999999999,
            "p(99)": 114.24567099999999,
            "avg": 15.889359980568823,
            "med": 11.999749999999999,
            "min": 3.7165,
            "max": 305.9369
        }
    },
    "root_group": {
        "id": "d41d8cd98f00b204e9800998ecf8427e",
        "groups": {},
        "checks": {},
        "name": "",
        "path": ""
    }
}