{
    "root_group": {
        "name": "",
        "path": "",
        "id": "d41d8cd98f00b204e9800998ecf8427e",
        "groups": {},
        "checks": {}
    },
    "metrics": {
        "http_req_waiting": {
            "p(90)": 41.031110000000005,
            "p(95)": 49.259689999999985,
            "p(99)": 75.75468400000001,
            "avg": 23.052443676337383,
            "med": 19.19295,
            "min": 5.1654,
            "max": 118.3325
        },
        "data_sent": {
            "count": 1442724,
            "rate": 11918.968472448749
        },
        "http_req_failed": {
            "passes": 0,
            "fails": 4412,
            "value": 0
        },
        "http_req_duration": {
            "med": 19.3042,
            "min": 5.1654,
            "max": 118.3325,
            "p(90)": 41.14992,
            "p(95)": 49.45395499999999,
            "p(99)": 75.75468400000001,
            "avg": 23.18322703989126
        },
        "http_req_duration{expected_response:true}": {
            "max": 118.3325,
            "p(90)": 41.14992,
            "p(95)": 49.45395499999999,
            "p(99)": 75.75468400000001,
            "avg": 23.18322703989126,
            "med": 19.3042,
            "min": 5.1654
        },
        "http_req_blocked": {
            "max": 22.2874,
            "p(90)": 0,
            "p(95)": 0,
            "p(99)": 0.5339050000000015,
            "avg": 0.05539238440616498,
            "med": 0,
            "min": 0
        },
        "http_req_receiving": {
            "p(90)": 0.5460900000000001,
            "p(95)": 0.6132899999999999,
            "p(99)": 1.012267,
            "avg": 0.10401303263825941,
            "med": 0,
            "min": 0,
            "max": 2.3907
        },
        "http_reqs": {
            "count": 4412,
            "rate": 36.44944486987385
        },
        "vus_max": {
            "value": 10,
            "min": 10,
            "max": 10
        },
        "data_received": {
            "count": 2979203,
            "rate": 24612.487648382317
        },
        "vus": {
            "value": 3,
            "min": 3,
            "max": 10
        },
        "iteration_duration": {
            "max": 1299.2948,
            "p(90)": 1155.7276,
            "p(95)": 1185.1538400000002,
            "p(99)": 1226.894978,
            "avg": 1094.3442065276536,
            "med": 1081.5379,
            "min": 1030.7208
        },
        "iterations": {
            "count": 1103,
            "rate": 9.112361217468463
        },
        "http_req_tls_handshaking": {
            "p(90)": 0,
            "p(95)": 0,
            "p(99)": 0,
            "avg": 0,
            "med": 0,
            "min": 0,
            "max": 0
        },
        "http_req_sending": {
            "avg": 0.026770330915684485,
            "med": 0,
            "min": 0,
            "max": 1.5431,
            "p(90)": 0,
            "p(95)": 0,
            "p(99)": 0.6050470000000007
        },
        "http_req_connecting": {
            "med": 0,
            "min": 0,
            "max": 1.6049,
            "p(90)": 0,
            "p(95)": 0,
            "p(99)": 0,
            "avg": 0.0036375793291024486
        }
    }
}