{
    "root_group": {
        "name": "",
        "path": "",
        "id": "d41d8cd98f00b204e9800998ecf8427e",
        "groups": {},
        "checks": {}
    },
    "metrics": {
        "vus": {
            "value": 1,
            "min": 1,
            "max": 1
        },
        "data_received": {
            "count": 310615,
            "rate": 2569.673066017528
        },
        "http_req_duration": {
            "med": 11.88265,
            "min": 5.6414,
            "max": 51.7197,
            "p(90)": 16.73651,
            "p(95)": 19.127219999999987,
            "p(99)": 27.74632799999991,
            "avg": 12.527521739130439
        },
        "http_req_blocked": {
            "avg": 0.03498108695652173,
            "med": 0,
            "min": 0,
            "max": 12.1406,
            "p(90)": 0,
            "p(95)": 0,
            "p(99)": 0.5245119999999999
        },
        "http_req_duration{expected_response:true}": {
            "p(90)": 16.73651,
            "p(95)": 19.127219999999987,
            "p(99)": 27.74632799999991,
            "avg": 12.527521739130439,
            "med": 11.88265,
            "min": 5.6414,
            "max": 51.7197
        },
        "data_sent": {
            "count": 150420,
            "rate": 1244.4029508889028
        },
        "http_reqs": {
            "count": 460,
            "rate": 3.8055136112810484
        },
        "http_req_connecting": {
            "max": 1.1015,
            "p(90)": 0,
            "p(95)": 0,
            "p(99)": 0,
            "avg": 0.002394565217391304,
            "med": 0,
            "min": 0
        },
        "http_req_failed": {
            "fails": 460,
            "passes": 0,
            "value": 0
        },
        "iteration_duration": {
            "med": 1048.7516,
            "min": 1037.6853,
            "max": 1094.1262,
            "p(90)": 1059.42952,
            "p(95)": 1068.4598700000001,
            "p(99)": 1091.172086,
            "avg": 1051.1064756521744
        },
        "http_req_tls_handshaking": {
            "min": 0,
            "max": 0,
            "p(90)": 0,
            "p(95)": 0,
            "p(99)": 0,
            "avg": 0,
            "med": 0
        },
        "http_req_waiting": {
            "max": 51.7197,
            "p(90)": 16.73575,
            "p(95)": 19.096999999999998,
            "p(99)": 27.23048399999991,
            "avg": 12.43460891304349,
            "med": 11.81665,
            "min": 5.6414
        },
        "http_req_receiving": {
            "max": 1.0281,
            "p(90)": 0.51124,
            "p(95)": 0.5398399999999999,
            "p(99)": 0.7307129999999997,
            "avg": 0.08215782608695653,
            "med": 0,
            "min": 0
        },
        "iterations": {
            "count": 115,
            "rate": 0.9513784028202621
        },
        "http_req_sending": {
            "med": 0,
            "min": 0,
            "max": 0.7316,
            "p(90)": 0,
            "p(95)": 0,
            "p(99)": 0.521182,
            "avg": 0.010755
        },
        "vus_max": {
            "value": 1,
            "min": 1,
            "max": 1
        }
    }
}