{
    "metrics": {
        "http_req_waiting": {
            "med": 10.56885,
            "min": 1.375783,
            "max": 196.173387,
            "p(90)": 33.03287230000002,
            "p(95)": 40.675306350000014,
            "p(99)": 57.58504056000002,
            "avg": 14.870097803083278
        },
        "http_req_duration{expected_response:true}": {
            "max": 196.336823,
            "p(90)": 33.175752800000005,
            "p(95)": 40.7867068,
            "p(99)": 57.72606574,
            "avg": 14.980259953039557,
            "med": 10.6685245,
            "min": 1.433532
        },
        "data_sent": {
            "count": 2620329,
            "rate": 28785.842448579835
        },
        "http_req_blocked": {
            "p(95)": 0.010712700000000006,
            "p(99)": 3.589880040000001,
            "avg": 0.1287334649026902,
            "med": 0.004491,
            "min": 0.000844,
            "max": 58.553899,
            "p(90)": 0.0081959
        },
        "vus": {
            "min": 1,
            "max": 199,
            "value": 12
        },
        "http_req_duration": {
            "max": 196.336823,
            "p(90)": 33.175752800000005,
            "p(95)": 40.7867068,
            "p(99)": 57.72606574,
            "avg": 14.980259953039557,
            "med": 10.6685245,
            "min": 1.433532
        },
        "http_req_sending": {
            "p(99)": 0.12978231,
            "avg": 0.02145432522414169,
            "med": 0.015281,
            "min": 0.003076,
            "max": 3.36813,
            "p(90)": 0.0353827,
            "p(95)": 0.05333880000000002
        },
        "http_req_receiving": {
            "med": 0.074769,
            "min": 0.012492,
            "max": 1.745873,
            "p(90)": 0.1459804,
            "p(95)": 0.17939770000000005,
            "p(99)": 0.27936154000000013,
            "avg": 0.08870782473212398
        },
        "http_reqs": {
            "count": 18292,
            "rate": 200.94828934436185
        },
        "vus_max": {
            "value": 200,
            "min": 200,
            "max": 200
        },
        "http_req_failed": {
            "passes": 0,
            "fails": 18292,
            "value": 0
        },
        "iterations": {
            "count": 4573,
            "rate": 50.23707233609046
        },
        "data_received": {
            "count": 10056027,
            "rate": 110471.32206706292
        },
        "iteration_duration": {
            "min": 1010.087603,
            "max": 1250.14604,
            "p(90)": 1120.0695217999998,
            "p(95)": 1138.511536,
            "p(99)": 1205.53591772,
            "avg": 1061.5176687161625,
            "med": 1051.315361
        },
        "http_req_connecting": {
            "p(99)": 3.4796466400000003,
            "avg": 0.12100738076754863,
            "med": 0,
            "min": 0,
            "max": 58.333019,
            "p(90)": 0,
            "p(95)": 0
        },
        "http_req_tls_handshaking": {
            "p(90)": 0,
            "p(95)": 0,
            "p(99)": 0,
            "avg": 0,
            "med": 0,
            "min": 0,
            "max": 0
        }
    },
    "root_group": {
        "name": "",
        "path": "",
        "id": "d41d8cd98f00b204e9800998ecf8427e",
        "groups": {},
        "checks": {}
    }
}