{
    "root_group": {
        "groups": {},
        "checks": {},
        "name": "",
        "path": "",
        "id": "d41d8cd98f00b204e9800998ecf8427e"
    },
    "metrics": {
        "vus": {
            "min": 1,
            "max": 199,
            "value": 18
        },
        "iteration_duration": {
            "avg": 1047.8449006580977,
            "med": 1027.4104849999999,
            "min": 1006.734913,
            "max": 1354.517051,
            "p(90)": 1108.7429626,
            "p(95)": 1142.3587359,
            "p(99)": 1262.1485351900003
        },
        "iterations": {
            "count": 4630,
            "rate": 50.837529782606154
        },
        "http_req_duration{expected_response:true}": {
            "avg": 11.606283087796944,
            "med": 5.0468435,
            "min": 0.959614,
            "max": 165.494775,
            "p(90)": 28.196808700000005,
            "p(95)": 39.770321649999985,
            "p(99)": 72.09997807000053
        },
        "http_req_waiting": {
            "med": 4.9459725,
            "min": 0.929463,
            "max": 165.429451,
            "p(90)": 28.132634100000036,
            "p(95)": 39.64072594999999,
            "p(99)": 72.01036569000048,
            "avg": 11.51968601490281
        },
        "http_req_failed": {
            "fails": 18520,
            "passes": 0,
            "value": 0
        },
        "http_req_receiving": {
            "avg": 0.0703824829913606,
            "med": 0.0595185,
            "min": 0.010128,
            "max": 6.059573,
            "p(90)": 0.1162841,
            "p(95)": 0.14040175,
            "p(99)": 0.21544681000000027
        },
        "http_req_connecting": {
            "max": 102.952382,
            "p(90)": 0,
            "p(95)": 0,
            "p(99)": 2.774329420000011,
            "avg": 0.1166006634449245,
            "med": 0,
            "min": 0
        },
        "http_req_sending": {
            "avg": 0.016214589902807833,
            "med": 0.011501,
            "min": 0.00264,
            "max": 0.774082,
            "p(90)": 0.027672,
            "p(95)": 0.039866399999999996,
            "p(99)": 0.0996642100000007
        },
        "data_sent": {
            "count": 2652990,
            "rate": 29129.904565433324
        },
        "http_reqs": {
            "count": 18520,
            "rate": 203.35011913042462
        },
        "http_req_duration": {
            "p(95)": 39.770321649999985,
            "p(99)": 72.09997807000053,
            "avg": 11.606283087796944,
            "med": 5.0468435,
            "min": 0.959614,
            "max": 165.494775,
            "p(90)": 28.196808700000005
        },
        "http_req_blocked": {
            "p(99)": 2.891084660000026,
            "avg": 0.12245801906047546,
            "med": 0.003363,
            "min": 0.000774,
            "max": 103.024593,
            "p(90)": 0.006670100000000002,
            "p(95)": 0.00892869999999999
        },
        "http_req_tls_handshaking": {
            "p(90)": 0,
            "p(95)": 0,
            "p(99)": 0,
            "avg": 0,
            "med": 0,
            "min": 0,
            "max": 0
        },
        "data_received": {
            "count": 10181370,
            "rate": 111791.72799195093
        },
        "vus_max": {
            "value": 200,
            "min": 200,
            "max": 200
        }
    }
}