{
    "metrics": {
        "http_req_receiving": {
            "med": 0.0753115,
            "min": 0.012027,
            "max": 19.35733,
            "p(90)": 0.150847,
            "p(95)": 0.1869145,
            "p(99)": 0.31490390000000096,
            "avg": 0.10075689093484443
        },
        "vus": {
            "min": 1,
            "max": 199,
            "value": 89
        },
        "data_received": {
            "count": 10091211,
            "rate": 110407.44541000942
        },
        "vus_max": {
            "value": 200,
            "min": 200,
            "max": 200
        },
        "data_sent": {
            "count": 2629497,
            "rate": 28769.19791720573
        },
        "http_reqs": {
            "count": 18356,
            "rate": 200.83209715326862
        },
        "http_req_tls_handshaking": {
            "p(95)": 0,
            "p(99)": 0,
            "avg": 0,
            "med": 0,
            "min": 0,
            "max": 0,
            "p(90)": 0
        },
        "iteration_duration": {
            "avg": 1070.109060521241,
            "med": 1050.835196,
            "min": 1008.676093,
            "max": 1512.644878,
            "p(90)": 1143.9510708,
            "p(95)": 1180.6725092,
            "p(99)": 1346.781112199999
        },
        "http_req_waiting": {
            "p(90)": 38.430313,
            "p(95)": 49.071141499999996,
            "p(99)": 98.18851580000012,
            "avg": 17.014278153846156,
            "med": 9.910003,
            "min": 1.273324,
            "max": 288.361423
        },
        "http_req_sending": {
            "med": 0.015248999999999999,
            "min": 0.002881,
            "max": 4.7839,
            "p(90)": 0.037669999999999995,
            "p(95)": 0.05577725,
            "p(99)": 0.13837355000000118,
            "avg": 0.022504855415123214
        },
        "iterations": {
            "count": 4589,
            "rate": 50.208024288317155
        },
        "http_req_duration{expected_response:true}": {
            "avg": 17.13753990019612,
            "med": 10.021005500000001,
            "min": 1.341047,
            "max": 288.433333,
            "p(90)": 38.586949000000004,
            "p(95)": 49.3405475,
            "p(99)": 98.34605360000018
        },
        "http_req_failed": {
            "passes": 0,
            "fails": 18356,
            "value": 0
        },
        "http_req_duration": {
            "avg": 17.13753990019612,
            "med": 10.021005500000001,
            "min": 1.341047,
            "max": 288.433333,
            "p(90)": 38.586949000000004,
            "p(95)": 49.3405475,
            "p(99)": 98.34605360000018
        },
        "http_req_blocked": {
            "avg": 0.15001317057093058,
            "med": 0.004559499999999999,
            "min": 0.000798,
            "max": 101.914308,
            "p(90)": 0.008549999999999999,
            "p(95)": 0.01081725,
            "p(99)": 3.3629105500000707
        },
        "http_req_connecting": {
            "min": 0,
            "max": 101.832345,
            "p(90)": 0,
            "p(95)": 0,
            "p(99)": 3.233133750000081,
            "avg": 0.1409597523970365,
            "med": 0
        }
    },
    "root_group": {
        "path": "",
        "id": "d41d8cd98f00b204e9800998ecf8427e",
        "groups": {},
        "checks": {},
        "name": ""
    }
}