{
    "root_group": {
        "path": "",
        "id": "d41d8cd98f00b204e9800998ecf8427e",
        "groups": {},
        "checks": {},
        "name": ""
    },
    "metrics": {
        "http_req_waiting": {
            "p(99)": 74.30545146000003,
            "avg": 16.24454231860389,
            "med": 10.4715205,
            "min": 2.039622,
            "max": 170.096892,
            "p(90)": 35.7950392,
            "p(95)": 45.385994449999984
        },
        "vus_max": {
            "value": 200,
            "min": 200,
            "max": 200
        },
        "http_req_tls_handshaking": {
            "avg": 0,
            "med": 0,
            "min": 0,
            "max": 0,
            "p(90)": 0,
            "p(95)": 0,
            "p(99)": 0
        },
        "http_req_connecting": {
            "p(99)": 2.874593880000005,
            "avg": 0.1262632476513001,
            "med": 0,
            "min": 0,
            "max": 85.500173,
            "p(90)": 0,
            "p(95)": 0
        },
        "http_reqs": {
            "count": 18308,
            "rate": 200.86387433258628
        },
        "http_req_receiving": {
            "min": 0.012834,
            "max": 3.169957,
            "p(90)": 0.1400568,
            "p(95)": 0.16900684999999993,
            "p(99)": 0.26512637000000017,
            "avg": 0.08907910350666372,
            "med": 0.0774575
        },
        "data_sent": {
            "count": 2622621,
            "rate": 28773.749998142986
        },
        "data_received": {
            "count": 6783114,
            "rate": 74420.06544022322
        },
        "http_req_failed": {
            "passes": 0,
            "fails": 18308,
            "value": 0
        },
        "http_req_duration{expected_response:true}": {
            "max": 170.389682,
            "p(90)": 35.91395409999999,
            "p(95)": 45.499737849999974,
            "p(99)": 74.37140703000001,
            "avg": 16.35506904282283,
            "med": 10.580935,
            "min": 2.109258
        },
        "http_req_sending": {
            "p(95)": 0.05128214999999993,
            "p(99)": 0.12432851000000003,
            "avg": 0.02144762071225693,
            "med": 0.015382,
            "min": 0.004156,
            "max": 2.104372,
            "p(90)": 0.03493639999999999
        },
        "vus": {
            "value": 29,
            "min": 1,
            "max": 199
        },
        "iterations": {
            "count": 4577,
            "rate": 50.21596858314657
        },
        "http_req_blocked": {
            "p(99)": 3.043883340000021,
            "avg": 0.13401126130653196,
            "med": 0.004737,
            "min": 0.001169,
            "max": 85.643488,
            "p(90)": 0.008515299999999998,
            "p(95)": 0.010814249999999989
        },
        "iteration_duration": {
            "max": 1382.591561,
            "p(90)": 1138.869072,
            "p(95)": 1169.6196404,
            "p(99)": 1257.3844165199996,
            "avg": 1067.0237967992102,
            "med": 1048.090596,
            "min": 1010.677529
        },
        "http_req_duration": {
            "p(99)": 74.37140703000001,
            "avg": 16.35506904282283,
            "med": 10.580935,
            "min": 2.109258,
            "max": 170.389682,
            "p(90)": 35.91395409999999,
            "p(95)": 45.499737849999974
        }
    }
}