{
    "metrics": {
        "data_received": {
            "count": 6786078,
            "rate": 74553.02762350818
        },
        "http_req_receiving": {
            "min": 0.012176,
            "max": 3.270792,
            "p(90)": 0.142428,
            "p(95)": 0.17366325,
            "p(99)": 0.27033519999999883,
            "avg": 0.09159962786634626,
            "med": 0.078459
        },
        "http_req_failed": {
            "passes": 0,
            "fails": 18316,
            "value": 0
        },
        "http_req_duration": {
            "min": 2.051821,
            "max": 91.703855,
            "p(90)": 33.97912,
            "p(95)": 42.90722875,
            "p(99)": 58.407559749999976,
            "avg": 15.618720575562305,
            "med": 11.3948405
        },
        "iterations": {
            "count": 4579,
            "rate": 50.30568665553858
        },
        "http_req_duration{expected_response:true}": {
            "p(99)": 58.407559749999976,
            "avg": 15.618720575562305,
            "med": 11.3948405,
            "min": 2.051821,
            "max": 91.703855,
            "p(90)": 33.97912,
            "p(95)": 42.90722875
        },
        "data_sent": {
            "count": 2623767,
            "rate": 28825.158453623608
        },
        "http_req_connecting": {
            "avg": 0.10116543770473903,
            "med": 0,
            "min": 0,
            "max": 63.679281,
            "p(90)": 0,
            "p(95)": 0,
            "p(99)": 3.060732699999979
        },
        "http_req_sending": {
            "avg": 0.022431275769818956,
            "med": 0.0154315,
            "min": 0.003871,
            "max": 3.639595,
            "p(90)": 0.037553500000000004,
            "p(95)": 0.0549715,
            "p(99)": 0.12737074999999995
        },
        "vus": {
            "value": 12,
            "min": 1,
            "max": 199
        },
        "http_req_tls_handshaking": {
            "max": 0,
            "p(90)": 0,
            "p(95)": 0,
            "p(99)": 0,
            "avg": 0,
            "med": 0,
            "min": 0
        },
        "vus_max": {
            "value": 200,
            "min": 200,
            "max": 200
        },
        "http_req_blocked": {
            "p(90)": 0.008539,
            "p(95)": 0.010887250000000001,
            "p(99)": 3.187312349999985,
            "avg": 0.10908371724175557,
            "med": 0.004797,
            "min": 0.001017,
            "max": 63.780969
        },
        "http_reqs": {
            "rate": 201.22274662215432,
            "count": 18316
        },
        "iteration_duration": {
            "max": 1274.903513,
            "p(90)": 1128.9254786,
            "p(95)": 1162.8395477999998,
            "p(99)": 1201.78193102,
            "avg": 1063.9896879668083,
            "med": 1052.656903,
            "min": 1010.909841
        },
        "http_req_waiting": {
            "min": 1.972821,
            "max": 91.61155,
            "p(90)": 33.8819405,
            "p(95)": 42.818207,
            "p(99)": 58.32247759999998,
            "avg": 15.50468967192614,
            "med": 11.286973
        }
    },
    "root_group": {
        "path": "",
        "id": "d41d8cd98f00b204e9800998ecf8427e",
        "groups": {},
        "checks": {},
        "name": ""
    }
}