{
    "root_group": {
        "groups": {},
        "checks": {},
        "name": "",
        "path": "",
        "id": "d41d8cd98f00b204e9800998ecf8427e"
    },
    "metrics": {
        "http_req_duration": {
            "avg": 20.93253553662883,
            "med": 12.430591,
            "min": 1.537204,
            "max": 776.276412,
            "p(90)": 37.254882300000006,
            "p(95)": 52.57119439999986,
            "p(99)": 182.76459208999967
        },
        "http_req_failed": {
            "passes": 0,
            "fails": 17964,
            "value": 0
        },
        "http_req_blocked": {
            "avg": 0.16782550851703426,
            "med": 0.004645,
            "min": 0.000804,
            "max": 522.42383,
            "p(90)": 0.008959400000000001,
            "p(95)": 0.011292549999999995,
            "p(99)": 3.1078063599999957
        },
        "http_req_receiving": {
            "p(90)": 0.1461915,
            "p(95)": 0.17617884999999994,
            "p(99)": 0.2591649399999999,
            "avg": 0.08808847979291906,
            "med": 0.075857,
            "min": 0.009407,
            "max": 1.728754
        },
        "data_sent": {
            "count": 2573343,
            "rate": 28283.356811429803
        },
        "http_req_waiting": {
            "avg": 20.82175161868189,
            "med": 12.3343065,
            "min": 1.490468,
            "max": 776.234002,
            "p(90)": 37.180744000000004,
            "p(95)": 52.405612199999915,
            "p(99)": 182.7002901399997
        },
        "http_req_connecting": {
            "avg": 0.15985978612781113,
            "med": 0,
            "min": 0,
            "max": 522.32059,
            "p(90)": 0,
            "p(95)": 0,
            "p(99)": 3.003206989999987
        },
        "http_req_duration{expected_response:true}": {
            "med": 12.430591,
            "min": 1.537204,
            "max": 776.276412,
            "p(90)": 37.254882300000006,
            "p(95)": 52.57119439999986,
            "p(99)": 182.76459208999967,
            "avg": 20.93253553662883
        },
        "http_req_tls_handshaking": {
            "p(95)": 0,
            "p(99)": 0,
            "avg": 0,
            "med": 0,
            "min": 0,
            "max": 0,
            "p(90)": 0
        },
        "iteration_duration": {
            "avg": 1085.382812036075,
            "med": 1059.264587,
            "min": 1008.453883,
            "max": 1955.293733,
            "p(90)": 1135.289471,
            "p(95)": 1216.534513,
            "p(99)": 1782.1128008000005
        },
        "iterations": {
            "count": 4491,
            "rate": 49.360134051360916
        },
        "http_req_sending": {
            "p(95)": 0.057723,
            "p(99)": 0.12962115999999985,
            "avg": 0.022695438154085843,
            "med": 0.015349,
            "min": 0.002985,
            "max": 4.284492,
            "p(90)": 0.0389284
        },
        "data_received": {
            "rate": 73151.71866411688,
            "count": 6655662
        },
        "http_reqs": {
            "count": 17964,
            "rate": 197.44053620544366
        },
        "vus_max": {
            "value": 200,
            "min": 200,
            "max": 200
        },
        "vus": {
            "value": 199,
            "min": 1,
            "max": 199
        }
    }
}