{
    "metrics": {
        "http_req_duration{expected_response:true}": {
            "min": 0.5166,
            "max": 767.2473,
            "p(90)": 62.36585,
            "p(95)": 72.034325,
            "p(99)": 103.39485,
            "avg": 21.558861201298516,
            "med": 7.50725
        },
        "vus_max": {
            "value": 50,
            "min": 50,
            "max": 50
        },
        "data_sent": {
            "count": 8088696,
            "rate": 66800.99944922162
        },
        "http_req_failed": {
            "passes": 0,
            "fails": 22176,
            "value": 0
        },
        "http_reqs": {
            "count": 22176,
            "rate": 183.14187648861306
        },
        "http_req_receiving": {
            "min": 0,
            "max": 6.9185,
            "p(90)": 0.5203,
            "p(95)": 0.5625,
            "p(99)": 0.740325,
            "avg": 0.08226641414141418,
            "med": 0
        },
        "iteration_duration": {
            "med": 1078.34155,
            "min": 1060.9119,
            "max": 1789.6572,
            "p(90)": 1108.2526400000002,
            "p(95)": 1121.67704,
            "p(99)": 1221.3677749999993,
            "avg": 1087.175420725107
        },
        "http_req_tls_handshaking": {
            "p(99)": 0,
            "avg": 0,
            "med": 0,
            "min": 0,
            "max": 0,
            "p(90)": 0,
            "p(95)": 0
        },
        "http_req_waiting": {
            "max": 767.2473,
            "p(90)": 62.26545,
            "p(95)": 71.89565,
            "p(99)": 103.39485,
            "avg": 21.459910759379333,
            "med": 7.39575,
            "min": 0.5058
        },
        "iterations": {
            "count": 5544,
            "rate": 45.785469122153266
        },
        "http_req_blocked": {
            "p(95)": 0,
            "p(99)": 0,
            "avg": 0.026321496212121213,
            "med": 0,
            "min": 0,
            "max": 11.6719,
            "p(90)": 0
        },
        "data_received": {
            "rate": 385055.50626763015,
            "count": 46625005
        },
        "http_req_connecting": {
            "p(90)": 0,
            "p(95)": 0,
            "p(99)": 0,
            "avg": 0.004423024891774891,
            "med": 0,
            "min": 0,
            "max": 4.2587
        },
        "http_req_sending": {
            "min": 0,
            "max": 8.3393,
            "p(90)": 0,
            "p(95)": 0,
            "p(99)": 0.5696,
            "avg": 0.016684027777777805,
            "med": 0
        },
        "vus": {
            "min": 7,
            "max": 50,
            "value": 7
        },
        "http_req_duration": {
            "med": 7.50725,
            "min": 0.5166,
            "max": 767.2473,
            "p(90)": 62.36585,
            "p(95)": 72.034325,
            "p(99)": 103.39485,
            "avg": 21.558861201298516
        }
    },
    "root_group": {
        "name": "",
        "path": "",
        "id": "d41d8cd98f00b204e9800998ecf8427e",
        "groups": {},
        "checks": {}
    }
}