{
    "root_group": {
        "name": "",
        "path": "",
        "id": "d41d8cd98f00b204e9800998ecf8427e",
        "groups": {},
        "checks": {}
    },
    "metrics": {
        "http_req_connecting": {
            "min": 0,
            "max": 0.5183,
            "p(90)": 0,
            "p(95)": 0,
            "p(99)": 0,
            "avg": 0.0011887614678899082,
            "med": 0
        },
        "iteration_duration": {
            "med": 1100.2696,
            "min": 1077.0189,
            "max": 1234.9325,
            "p(90)": 1130.68008,
            "p(95)": 1140.8245,
            "p(99)": 1194.0655,
            "avg": 1105.5717849541284
        },
        "vus": {
            "value": 5,
            "min": 5,
            "max": 5
        },
        "data_received": {
            "count": 4583450,
            "rate": 37996.52420899615
        },
        "iterations": {
            "count": 545,
            "rate": 4.518017147324156
        },
        "http_req_tls_handshaking": {
            "min": 0,
            "max": 0,
            "p(90)": 0,
            "p(95)": 0,
            "p(99)": 0,
            "avg": 0,
            "med": 0
        },
        "http_reqs": {
            "count": 2180,
            "rate": 18.072068589296624
        },
        "http_req_duration{expected_response:true}": {
            "p(99)": 97.897782,
            "avg": 26.14436348623858,
            "med": 12.658449999999998,
            "min": 1.1513,
            "max": 167.1401,
            "p(90)": 72.52500000000002,
            "p(95)": 78.94159499999996
        },
        "vus_max": {
            "value": 5,
            "min": 5,
            "max": 5
        },
        "http_req_waiting": {
            "avg": 26.003822889908292,
            "med": 12.5703,
            "min": 1.0707,
            "max": 166.6213,
            "p(90)": 72.44237000000001,
            "p(95)": 78.842075,
            "p(99)": 97.453874
        },
        "http_req_blocked": {
            "p(95)": 0,
            "p(99)": 0,
            "avg": 0.030874403669724777,
            "med": 0,
            "min": 0,
            "max": 12.3578,
            "p(90)": 0
        },
        "http_req_sending": {
            "min": 0,
            "max": 1.1259,
            "p(90)": 0,
            "p(95)": 0,
            "p(99)": 0.558889,
            "avg": 0.01358169724770642,
            "med": 0
        },
        "http_req_failed": {
            "passes": 0,
            "fails": 2180,
            "value": 0
        },
        "data_sent": {
            "count": 795155,
            "rate": 6591.787017945943
        },
        "http_req_receiving": {
            "p(95)": 0.6739949999999968,
            "p(99)": 1.001478,
            "avg": 0.1269588990825689,
            "med": 0,
            "min": 0,
            "max": 1.5042,
            "p(90)": 0.558
        },
        "http_req_duration": {
            "med": 12.658449999999998,
            "min": 1.1513,
            "max": 167.1401,
            "p(90)": 72.52500000000002,
            "p(95)": 78.94159499999996,
            "p(99)": 97.897782,
            "avg": 26.14436348623858
        }
    }
}