{
    "root_group": {
        "path": "",
        "id": "d41d8cd98f00b204e9800998ecf8427e",
        "groups": {},
        "checks": {},
        "name": ""
    },
    "metrics": {
        "iterations": {
            "count": 1621,
            "rate": 13.447140428713967
        },
        "iteration_duration": {
            "min": 1071.0434,
            "max": 1496.6295,
            "p(90)": 1151.6389,
            "p(95)": 1164.7235,
            "p(99)": 1246.4367200000002,
            "avg": 1114.4695803207894,
            "med": 1104.2975
        },
        "http_req_blocked": {
            "min": 0,
            "max": 14.4534,
            "p(90)": 0,
            "p(95)": 0,
            "p(99)": 0.520117,
            "avg": 0.03675999383096853,
            "med": 0
        },
        "http_reqs": {
            "count": 6484,
            "rate": 53.78856171485587
        },
        "http_req_tls_handshaking": {
            "p(90)": 0,
            "p(95)": 0,
            "p(99)": 0,
            "avg": 0,
            "med": 0,
            "min": 0,
            "max": 0
        },
        "http_req_duration{expected_response:true}": {
            "p(95)": 87.25262499999997,
            "p(99)": 111.49932400000002,
            "avg": 27.878953932757554,
            "med": 12.379950000000001,
            "min": 0.9831,
            "max": 458.6699,
            "p(90)": 75.862
        },
        "http_req_connecting": {
            "min": 0,
            "max": 1.0674,
            "p(90)": 0,
            "p(95)": 0,
            "p(99)": 0,
            "avg": 0.0024693090684762484,
            "med": 0
        },
        "http_req_receiving": {
            "p(90)": 0.55897,
            "p(95)": 0.6830549999999999,
            "p(99)": 1.109987,
            "avg": 0.13001600863664403,
            "med": 0,
            "min": 0,
            "max": 10.4441
        },
        "http_req_failed": {
            "passes": 0,
            "fails": 6484,
            "value": 0
        },
        "data_sent": {
            "count": 2365039,
            "rate": 19619.37788549368
        },
        "data_received": {
            "count": 13632610,
            "rate": 113090.45100548446
        },
        "http_req_duration": {
            "min": 0.9831,
            "max": 458.6699,
            "p(90)": 75.862,
            "p(95)": 87.25262499999997,
            "p(99)": 111.49932400000002,
            "avg": 27.878953932757554,
            "med": 12.379950000000001
        },
        "http_req_waiting": {
            "max": 458.6699,
            "p(90)": 75.66708999999997,
            "p(95)": 87.03949499999999,
            "p(99)": 111.31070000000001,
            "avg": 27.719571082665084,
            "med": 12.234649999999998,
            "min": 0.532
        },
        "http_req_sending": {
            "avg": 0.029366841455891426,
            "med": 0,
            "min": 0,
            "max": 8.7628,
            "p(90)": 0,
            "p(95)": 0,
            "p(99)": 0.7526140000000003
        },
        "vus": {
            "value": 15,
            "min": 15,
            "max": 15
        },
        "vus_max": {
            "value": 15,
            "min": 15,
            "max": 15
        }
    }
}