{
    "root_group": {
        "name": "",
        "path": "",
        "id": "d41d8cd98f00b204e9800998ecf8427e",
        "groups": {},
        "checks": {}
    },
    "metrics": {
        "data_sent": {
            "count": 1568425,
            "rate": 12955.469416824151
        },
        "data_received": {
            "count": 9040750,
            "rate": 74678.20273851344
        },
        "http_req_connecting": {
            "p(90)": 0,
            "p(95)": 0,
            "p(99)": 0,
            "avg": 0.0018116279069767443,
            "med": 0,
            "min": 0,
            "max": 0.779
        },
        "http_req_sending": {
            "max": 8.9258,
            "p(90)": 0,
            "p(95)": 0,
            "p(99)": 1.0023080000000002,
            "avg": 0.04308948837209302,
            "med": 0,
            "min": 0
        },
        "iteration_duration": {
            "med": 1115.1676,
            "min": 1079.3476,
            "max": 1430.9544,
            "p(90)": 1162.02262,
            "p(95)": 1178.59932,
            "p(99)": 1277.166006,
            "avg": 1123.0224617674414
        },
        "http_req_duration{expected_response:true}": {
            "med": 14.205950000000001,
            "min": 1.1724,
            "max": 365.7186,
            "p(90)": 80.06276999999999,
            "p(95)": 90.11064,
            "p(99)": 113.74360500000002,
            "avg": 29.964941255814004
        },
        "http_req_receiving": {
            "p(99)": 1.2819330000000073,
            "avg": 0.16802818604651135,
            "med": 0,
            "min": 0,
            "max": 65.4696,
            "p(90)": 0.5861599999999999,
            "p(95)": 0.7925049999999999
        },
        "vus_max": {
            "max": 10,
            "value": 10,
            "min": 10
        },
        "http_req_tls_handshaking": {
            "p(95)": 0,
            "p(99)": 0,
            "avg": 0,
            "med": 0,
            "min": 0,
            "max": 0,
            "p(90)": 0
        },
        "http_req_blocked": {
            "avg": 0.06881872093023254,
            "med": 0,
            "min": 0,
            "max": 24.4833,
            "p(90)": 0,
            "p(95)": 0,
            "p(99)": 0.512202
        },
        "http_req_waiting": {
            "p(99)": 113.74360500000002,
            "avg": 29.75382358139539,
            "med": 14.04985,
            "min": 1.0966,
            "max": 365.7186,
            "p(90)": 79.8297,
            "p(95)": 89.689585
        },
        "http_req_failed": {
            "passes": 0,
            "fails": 4300,
            "value": 0
        },
        "vus": {
            "value": 4,
            "min": 4,
            "max": 10
        },
        "iterations": {
            "count": 1075,
            "rate": 8.879691169858912
        },
        "http_reqs": {
            "count": 4300,
            "rate": 35.51876467943565
        },
        "http_req_duration": {
            "p(90)": 80.06276999999999,
            "p(95)": 90.11064,
            "p(99)": 113.74360500000002,
            "avg": 29.964941255814004,
            "med": 14.205950000000001,
            "min": 1.1724,
            "max": 365.7186
        }
    }
}