{
    "root_group": {
        "name": "",
        "path": "",
        "id": "d41d8cd98f00b204e9800998ecf8427e",
        "groups": {},
        "checks": {}
    },
    "metrics": {
        "iterations": {
            "count": 5157,
            "rate": 42.58011548635564
        },
        "http_req_tls_handshaking": {
            "p(90)": 0,
            "p(95)": 0,
            "p(99)": 0,
            "avg": 0,
            "med": 0,
            "min": 0,
            "max": 0
        },
        "http_req_waiting": {
            "min": 0,
            "max": 1177.3755,
            "p(90)": 122.27815,
            "p(95)": 144.31680499999987,
            "p(99)": 189.681848,
            "avg": 41.34233024529748,
            "med": 15.66175
        },
        "http_req_failed": {
            "fails": 20628,
            "passes": 0,
            "value": 0
        },
        "data_sent": {
            "count": 7524063,
            "rate": 62124.38849459287
        },
        "data_received": {
            "rate": 358098.4822536226,
            "count": 43370335
        },
        "http_req_duration": {
            "p(90)": 122.44022999999999,
            "p(95)": 144.45927,
            "p(99)": 189.681848,
            "avg": 41.533407770990706,
            "med": 15.88635,
            "min": 0.6424,
            "max": 1177.9561
        },
        "http_req_duration{expected_response:true}": {
            "med": 15.88635,
            "min": 0.6424,
            "max": 1177.9561,
            "p(90)": 122.44022999999999,
            "p(95)": 144.45927,
            "p(99)": 189.681848,
            "avg": 41.533407770990706
        },
        "iteration_duration": {
            "max": 2214.8613,
            "p(90)": 1221.8808,
            "p(95)": 1251.04222,
            "p(99)": 1385.5934959999993,
            "avg": 1169.413413767692,
            "med": 1156.4375,
            "min": 1100.9288
        },
        "http_req_sending": {
            "max": 31.3279,
            "p(90)": 0,
            "p(95)": 0,
            "p(99)": 0.9669199999999982,
            "avg": 0.04077580473143296,
            "med": 0,
            "min": 0
        },
        "vus_max": {
            "value": 50,
            "min": 50,
            "max": 50
        },
        "http_req_blocked": {
            "avg": 0.051357286212914466,
            "med": 0,
            "min": 0,
            "max": 19.8496,
            "p(90)": 0,
            "p(95)": 0,
            "p(99)": 0.5333649999999998
        },
        "http_req_connecting": {
            "p(90)": 0,
            "p(95)": 0,
            "p(99)": 0,
            "avg": 0.006063859802210587,
            "med": 0,
            "min": 0,
            "max": 10.3153
        },
        "http_reqs": {
            "rate": 170.32046194542255,
            "count": 20628
        },
        "http_req_receiving": {
            "min": 0,
            "max": 24.4492,
            "p(90)": 0.5658299999999999,
            "p(95)": 0.7494649999999998,
            "p(99)": 1.5143,
            "avg": 0.15030172096179928,
            "med": 0
        },
        "vus": {
            "value": 8,
            "min": 8,
            "max": 50
        }
    }
}