{
    "root_group": {
        "id": "d41d8cd98f00b204e9800998ecf8427e",
        "groups": {},
        "checks": {},
        "name": "",
        "path": ""
    },
    "metrics": {
        "http_req_tls_handshaking": {
            "p(95)": 0,
            "p(99)": 0,
            "avg": 0,
            "med": 0,
            "min": 0,
            "max": 0,
            "p(90)": 0
        },
        "http_reqs": {
            "rate": 3.619287415733837,
            "count": 436
        },
        "http_req_waiting": {
            "min": 1.5473,
            "max": 162.5636,
            "p(90)": 72.37625,
            "p(95)": 79.53354999999999,
            "p(99)": 93.20578499999999,
            "avg": 25.79701146788991,
            "med": 11.87135
        },
        "data_received": {
            "count": 916690,
            "rate": 7609.551791580392
        },
        "http_req_blocked": {
            "min": 0,
            "max": 10.7477,
            "p(90)": 0,
            "p(95)": 0,
            "p(99)": 0,
            "avg": 0.024650688073394496,
            "med": 0
        },
        "http_req_sending": {
            "p(95)": 0,
            "p(99)": 0.51827,
            "avg": 0.01108623853211009,
            "med": 0,
            "min": 0,
            "max": 0.9989,
            "p(90)": 0
        },
        "iteration_duration": {
            "p(95)": 1149.0444400000001,
            "p(99)": 1229.2810640000002,
            "avg": 1105.1852651376146,
            "med": 1096.0161,
            "min": 1077.0221,
            "max": 1311.2095,
            "p(90)": 1129.0920800000001
        },
        "http_req_duration": {
            "avg": 25.996527293577984,
            "med": 12.2386,
            "min": 1.5473,
            "max": 163.3687,
            "p(90)": 72.37625,
            "p(95)": 79.848925,
            "p(99)": 93.20578499999999
        },
        "vus_max": {
            "value": 1,
            "min": 1,
            "max": 1
        },
        "iterations": {
            "count": 109,
            "rate": 0.9048218539334593
        },
        "data_sent": {
            "count": 159031,
            "rate": 1320.1350848889172
        },
        "http_req_connecting": {
            "avg": 0,
            "med": 0,
            "min": 0,
            "max": 0,
            "p(90)": 0,
            "p(95)": 0,
            "p(99)": 0
        },
        "http_req_duration{expected_response:true}": {
            "avg": 25.996527293577984,
            "med": 12.2386,
            "min": 1.5473,
            "max": 163.3687,
            "p(90)": 72.37625,
            "p(95)": 79.848925,
            "p(99)": 93.20578499999999
        },
        "http_req_failed": {
            "passes": 0,
            "fails": 436,
            "value": 0
        },
        "http_req_receiving": {
            "avg": 0.18842958715596322,
            "med": 0,
            "min": 0,
            "max": 1.1495,
            "p(90)": 0.6593,
            "p(95)": 0.8255250000000001,
            "p(99)": 1.0194599999999998
        },
        "vus": {
            "value": 1,
            "min": 1,
            "max": 1
        }
    }
}