{
    "metrics": {
        "data_received": {
            "count": 9360330,
            "rate": 77365.72621932522
        },
        "http_reqs": {
            "count": 4452,
            "rate": 36.797016037729
        },
        "http_req_duration{expected_response:true}": {
            "avg": 20.805064937106973,
            "med": 7.73335,
            "min": 0.5331,
            "max": 209.3967,
            "p(90)": 63.84396,
            "p(95)": 68.67866,
            "p(99)": 86.74005
        },
        "http_req_tls_handshaking": {
            "p(90)": 0,
            "p(95)": 0,
            "p(99)": 0,
            "avg": 0,
            "med": 0,
            "min": 0,
            "max": 0
        },
        "http_req_receiving": {
            "med": 0,
            "min": 0,
            "max": 6.8809,
            "p(90)": 0.52029,
            "p(95)": 0.5731249999999999,
            "p(99)": 0.7553269999999994,
            "avg": 0.08914526055705307
        },
        "http_req_blocked": {
            "avg": 0.024395058400718775,
            "med": 0,
            "min": 0,
            "max": 8.9461,
            "p(90)": 0,
            "p(95)": 0,
            "p(99)": 0
        },
        "http_req_sending": {
            "med": 0,
            "min": 0,
            "max": 2.0992,
            "p(90)": 0,
            "p(95)": 0,
            "p(99)": 0.5636779999999995,
            "avg": 0.015330548068283923
        },
        "http_req_waiting": {
            "min": 0.5331,
            "max": 209.3967,
            "p(90)": 63.76738,
            "p(95)": 68.50286999999999,
            "p(99)": 86.66650799999996,
            "avg": 20.700589128481678,
            "med": 7.64845
        },
        "vus": {
            "min": 10,
            "max": 10,
            "value": 10
        },
        "http_req_connecting": {
            "p(99)": 0,
            "avg": 0.0011913746630727766,
            "med": 0,
            "min": 0,
            "max": 0.5304,
            "p(90)": 0,
            "p(95)": 0
        },
        "http_req_duration": {
            "p(95)": 68.67866,
            "p(99)": 86.74005,
            "avg": 20.805064937106973,
            "med": 7.73335,
            "min": 0.5331,
            "max": 209.3967,
            "p(90)": 63.84396
        },
        "data_sent": {
            "count": 1623867,
            "rate": 13421.711599761653
        },
        "http_req_failed": {
            "passes": 0,
            "fails": 4452,
            "value": 0
        },
        "iterations": {
            "count": 1113,
            "rate": 9.19925400943225
        },
        "vus_max": {
            "value": 10,
            "min": 10,
            "max": 10
        },
        "iteration_duration": {
            "p(95)": 1105.2873599999998,
            "p(99)": 1153.5657919999983,
            "avg": 1084.1762721473503,
            "med": 1081.7799,
            "min": 1061.8322,
            "max": 1235.2978,
            "p(90)": 1096.81864
        }
    },
    "root_group": {
        "groups": {},
        "checks": {},
        "name": "",
        "path": "",
        "id": "d41d8cd98f00b204e9800998ecf8427e"
    }
}