{
    "root_group": {
        "path": "",
        "id": "d41d8cd98f00b204e9800998ecf8427e",
        "groups": {},
        "checks": {},
        "name": ""
    },
    "metrics": {
        "http_req_duration{expected_response:true}": {
            "med": 8.41545,
            "min": 0.5168,
            "max": 319.1917,
            "p(90)": 67.28713,
            "p(95)": 73.88819999999996,
            "p(99)": 92.57568099999989,
            "avg": 22.371559486404816
        },
        "vus": {
            "value": 3,
            "min": 3,
            "max": 15
        },
        "iterations": {
            "count": 1655,
            "rate": 13.67361262641384
        },
        "vus_max": {
            "value": 15,
            "min": 15,
            "max": 15
        },
        "http_req_blocked": {
            "avg": 0.049315709969788527,
            "med": 0,
            "min": 0,
            "max": 20.9369,
            "p(90)": 0,
            "p(95)": 0,
            "p(99)": 0
        },
        "http_req_failed": {
            "passes": 0,
            "fails": 6620,
            "value": 0
        },
        "http_req_receiving": {
            "avg": 0.08816036253776427,
            "med": 0,
            "min": 0,
            "max": 2.5203,
            "p(90)": 0.5291,
            "p(95)": 0.5851099999999998,
            "p(99)": 0.7647239999999998
        },
        "http_req_waiting": {
            "med": 8.33015,
            "min": 0.5168,
            "max": 319.1917,
            "p(90)": 67.07221000000001,
            "p(95)": 73.87818,
            "p(99)": 92.36447299999992,
            "avg": 22.266938262839915
        },
        "http_req_tls_handshaking": {
            "avg": 0,
            "med": 0,
            "min": 0,
            "max": 0,
            "p(90)": 0,
            "p(95)": 0,
            "p(99)": 0
        },
        "http_req_sending": {
            "max": 2.6783,
            "p(90)": 0,
            "p(95)": 0,
            "p(99)": 0.5638719999999994,
            "avg": 0.016460861027190334,
            "med": 0,
            "min": 0
        },
        "http_reqs": {
            "count": 6620,
            "rate": 54.69445050565536
        },
        "data_sent": {
            "count": 2414645,
            "rate": 19949.80082193779
        },
        "http_req_duration": {
            "p(95)": 73.88819999999996,
            "p(99)": 92.57568099999989,
            "avg": 22.371559486404816,
            "med": 8.41545,
            "min": 0.5168,
            "max": 319.1917,
            "p(90)": 67.28713
        },
        "http_req_connecting": {
            "avg": 0.0019030513595166166,
            "med": 0,
            "min": 0,
            "max": 1.3189,
            "p(90)": 0,
            "p(95)": 0,
            "p(99)": 0
        },
        "data_received": {
            "count": 13918550,
            "rate": 114995.0821881404
        },
        "iteration_duration": {
            "avg": 1090.672360664655,
            "med": 1086.1585,
            "min": 1061.3651,
            "max": 1359.8711,
            "p(90)": 1107.04756,
            "p(95)": 1114.6261299999999,
            "p(99)": 1165.3423060000007
        }
    }
}