{
    "root_group": {
        "name": "",
        "path": "",
        "id": "d41d8cd98f00b204e9800998ecf8427e",
        "groups": {},
        "checks": {}
    },
    "metrics": {
        "iteration_duration": {
            "min": 1102.4863,
            "max": 1544.2276,
            "p(90)": 1189.1325299999999,
            "p(95)": 1206.92963,
            "p(99)": 1269.1262,
            "avg": 1149.615560523809,
            "med": 1141.5671
        },
        "http_req_tls_handshaking": {
            "p(95)": 0,
            "p(99)": 0,
            "avg": 0,
            "med": 0,
            "min": 0,
            "max": 0,
            "p(90)": 0
        },
        "vus_max": {
            "min": 20,
            "max": 20,
            "value": 20
        },
        "http_reqs": {
            "count": 8400,
            "rate": 69.45730242896371
        },
        "http_req_duration": {
            "min": 1.0785,
            "max": 497.0998,
            "p(90)": 106.91166000000003,
            "p(95)": 125.422545,
            "p(99)": 157.7404840000001,
            "avg": 36.65107657142844,
            "med": 14.9253
        },
        "http_req_blocked": {
            "min": 0,
            "max": 14.8716,
            "p(90)": 0,
            "p(95)": 0,
            "p(99)": 0.5221100000000002,
            "avg": 0.04134679761904764,
            "med": 0
        },
        "http_req_sending": {
            "p(99)": 0.7363050000000001,
            "avg": 0.02990464285714285,
            "med": 0,
            "min": 0,
            "max": 9.0087,
            "p(90)": 0,
            "p(95)": 0
        },
        "data_sent": {
            "count": 3063900,
            "rate": 25334.551060964513
        },
        "iterations": {
            "count": 2100,
            "rate": 17.36432560724093
        },
        "http_req_connecting": {
            "min": 0,
            "max": 1.8231,
            "p(90)": 0,
            "p(95)": 0,
            "p(99)": 0,
            "avg": 0.0022434761904761903,
            "med": 0
        },
        "data_received": {
            "count": 17661000,
            "rate": 146033.9783568962
        },
        "http_req_receiving": {
            "med": 0,
            "min": 0,
            "max": 11.7472,
            "p(90)": 0.55761,
            "p(95)": 0.6766049999999999,
            "p(99)": 1.0777,
            "avg": 0.11951724999999987
        },
        "http_req_duration{expected_response:true}": {
            "avg": 36.65107657142844,
            "med": 14.9253,
            "min": 1.0785,
            "max": 497.0998,
            "p(90)": 106.91166000000003,
            "p(95)": 125.422545,
            "p(99)": 157.7404840000001
        },
        "http_req_waiting": {
            "avg": 36.501654678571306,
            "med": 14.806650000000001,
            "min": 1.0327,
            "max": 497.0998,
            "p(90)": 106.74000000000001,
            "p(95)": 125.26995499999998,
            "p(99)": 157.736277
        },
        "vus": {
            "value": 20,
            "min": 20,
            "max": 20
        },
        "http_req_failed": {
            "passes": 0,
            "fails": 8400,
            "value": 0
        }
    }
}