{
    "metrics": {
        "data_received": {
            "count": 891460,
            "rate": 7383.6649627691495
        },
        "http_req_failed": {
            "passes": 0,
            "fails": 424,
            "value": 0
        },
        "http_req_waiting": {
            "avg": 34.18596108490566,
            "med": 13.52035,
            "min": 1.1049,
            "max": 185.1493,
            "p(90)": 103.89550999999999,
            "p(95)": 120.11869,
            "p(99)": 151.27244299999995
        },
        "http_req_receiving": {
            "max": 2.0363,
            "p(90)": 0.61795,
            "p(95)": 0.7013849999999996,
            "p(99)": 1.0564959999999994,
            "avg": 0.17906603773584903,
            "med": 0,
            "min": 0
        },
        "vus_max": {
            "value": 1,
            "min": 1,
            "max": 1
        },
        "iterations": {
            "count": 106,
            "rate": 0.8779625401628002
        },
        "http_req_duration{expected_response:true}": {
            "min": 1.1049,
            "max": 185.1493,
            "p(90)": 104.08279999999999,
            "p(95)": 120.59402999999999,
            "p(99)": 151.27244299999995,
            "avg": 34.39964386792456,
            "med": 13.6274
        },
        "http_req_duration": {
            "p(99)": 151.27244299999995,
            "avg": 34.39964386792456,
            "med": 13.6274,
            "min": 1.1049,
            "max": 185.1493,
            "p(90)": 104.08279999999999,
            "p(95)": 120.59402999999999
        },
        "http_req_sending": {
            "avg": 0.03461674528301886,
            "med": 0,
            "min": 0,
            "max": 0.9962,
            "p(90)": 0,
            "p(95)": 0.5160299999999999,
            "p(99)": 0.6394979999999996
        },
        "http_req_connecting": {
            "avg": 0.0014134433962264153,
            "med": 0,
            "min": 0,
            "max": 0.5993,
            "p(90)": 0,
            "p(95)": 0,
            "p(99)": 0
        },
        "vus": {
            "value": 1,
            "min": 1,
            "max": 1
        },
        "http_req_tls_handshaking": {
            "max": 0,
            "p(90)": 0,
            "p(95)": 0,
            "p(99)": 0,
            "avg": 0,
            "med": 0,
            "min": 0
        },
        "iteration_duration": {
            "p(95)": 1196.7367,
            "p(99)": 1239.5266250000002,
            "avg": 1138.985174528302,
            "med": 1129.3299499999998,
            "min": 1109.2667,
            "max": 1242.4413,
            "p(90)": 1180.45
        },
        "http_reqs": {
            "rate": 3.5118501606512007,
            "count": 424
        },
        "data_sent": {
            "count": 154654,
            "rate": 1280.9473460975255
        },
        "http_req_blocked": {
            "p(99)": 0,
            "avg": 0.05427900943396226,
            "med": 0,
            "min": 0,
            "max": 21.0932,
            "p(90)": 0,
            "p(95)": 0
        }
    },
    "root_group": {
        "checks": {},
        "name": "",
        "path": "",
        "id": "d41d8cd98f00b204e9800998ecf8427e",
        "groups": {}
    }
}