{
    "metrics": {
        "http_req_duration{expected_response:true}": {
            "max": 329.0708,
            "p(90)": 63.62040000000001,
            "p(95)": 73.433595,
            "p(99)": 90.88130899999983,
            "avg": 21.285513828828748,
            "med": 7.99005,
            "min": 0.5038
        },
        "http_req_failed": {
            "passes": 0,
            "fails": 8880,
            "value": 0
        },
        "iterations": {
            "count": 2220,
            "rate": 18.37461350552401
        },
        "http_req_tls_handshaking": {
            "avg": 0,
            "med": 0,
            "min": 0,
            "max": 0,
            "p(90)": 0,
            "p(95)": 0,
            "p(99)": 0
        },
        "http_reqs": {
            "rate": 73.49845402209604,
            "count": 8880
        },
        "http_req_waiting": {
            "p(95)": 73.35226999999993,
            "p(99)": 90.67351599999995,
            "avg": 21.189454256756633,
            "med": 7.92295,
            "min": 0.5038,
            "max": 329.0708,
            "p(90)": 63.54588
        },
        "iteration_duration": {
            "p(95)": 1110.573735,
            "p(99)": 1146.0273679999998,
            "avg": 1086.2522354504497,
            "med": 1081.1747,
            "min": 1063.4469,
            "max": 1354.7906,
            "p(90)": 1104.12927
        },
        "http_req_duration": {
            "max": 329.0708,
            "p(90)": 63.62040000000001,
            "p(95)": 73.433595,
            "p(99)": 90.88130899999983,
            "avg": 21.285513828828748,
            "med": 7.99005,
            "min": 0.5038
        },
        "http_req_connecting": {
            "p(99)": 0,
            "avg": 0.0024598761261261266,
            "med": 0,
            "min": 0,
            "max": 1.8812,
            "p(90)": 0,
            "p(95)": 0
        },
        "vus_max": {
            "value": 20,
            "min": 20,
            "max": 20
        },
        "http_req_sending": {
            "max": 1.5607,
            "p(90)": 0,
            "p(95)": 0,
            "p(99)": 0.5638679999999993,
            "avg": 0.014452364864864864,
            "med": 0,
            "min": 0
        },
        "http_req_receiving": {
            "avg": 0.0816072072072072,
            "med": 0,
            "min": 0,
            "max": 3.7017,
            "p(90)": 0.51651,
            "p(95)": 0.574,
            "p(99)": 0.7759419999999999
        },
        "http_req_blocked": {
            "p(99)": 0,
            "avg": 0.02487131756756757,
            "med": 0,
            "min": 0,
            "max": 10.2391,
            "p(90)": 0,
            "p(95)": 0
        },
        "data_sent": {
            "count": 3238980,
            "rate": 26808.56110455953
        },
        "data_received": {
            "count": 18670200,
            "rate": 154530.4995814569
        },
        "vus": {
            "max": 20,
            "value": 20,
            "min": 20
        }
    },
    "root_group": {
        "path": "",
        "id": "d41d8cd98f00b204e9800998ecf8427e",
        "groups": {},
        "checks": {},
        "name": ""
    }
}