{
    "metrics": {
        "http_req_failed": {
            "passes": 0,
            "fails": 2020,
            "value": 0
        },
        "vus_max": {
            "max": 5,
            "value": 5,
            "min": 5
        },
        "data_sent": {
            "count": 736795,
            "rate": 6126.43930860957
        },
        "http_reqs": {
            "count": 2020,
            "rate": 16.79626952326133
        },
        "http_req_duration{expected_response:true}": {
            "max": 10656.8296,
            "p(90)": 62.426460000000006,
            "p(95)": 68.318805,
            "p(99)": 84.83245199999998,
            "avg": 47.30364366336632,
            "med": 8.1989,
            "min": 0.5233
        },
        "http_req_connecting": {
            "avg": 0.000889009900990099,
            "med": 0,
            "min": 0,
            "max": 0.5986,
            "p(90)": 0,
            "p(95)": 0,
            "p(99)": 0
        },
        "http_req_waiting": {
            "p(95)": 68.318805,
            "p(99)": 84.70528499999993,
            "avg": 47.19388910891081,
            "med": 8.12095,
            "min": 0.5233,
            "max": 10656.8296,
            "p(90)": 62.27398
        },
        "vus": {
            "value": 5,
            "min": 5,
            "max": 5
        },
        "iterations": {
            "rate": 4.1990673808153325,
            "count": 505
        },
        "http_req_sending": {
            "max": 6.5921,
            "p(90)": 0,
            "p(95)": 0,
            "p(99)": 0.5496409999999996,
            "avg": 0.014397376237623766,
            "med": 0,
            "min": 0
        },
        "data_received": {
            "count": 4247050,
            "rate": 35314.15667265694
        },
        "http_req_tls_handshaking": {
            "avg": 0,
            "med": 0,
            "min": 0,
            "max": 0,
            "p(90)": 0,
            "p(95)": 0,
            "p(99)": 0
        },
        "http_req_blocked": {
            "max": 10.8363,
            "p(90)": 0,
            "p(95)": 0,
            "p(99)": 0,
            "avg": 0.02779287128712871,
            "med": 0,
            "min": 0
        },
        "iteration_duration": {
            "avg": 1190.2009562376231,
            "med": 1081.1913,
            "min": 1060.606,
            "max": 11712.3669,
            "p(90)": 1097.14288,
            "p(95)": 1109.4096,
            "p(99)": 1447.582496
        },
        "http_req_receiving": {
            "p(99)": 0.800877,
            "avg": 0.09535717821782173,
            "med": 0,
            "min": 0,
            "max": 1.5144,
            "p(90)": 0.5254900000000001,
            "p(95)": 0.5941299999999998
        },
        "http_req_duration": {
            "max": 10656.8296,
            "p(90)": 62.426460000000006,
            "p(95)": 68.318805,
            "p(99)": 84.83245199999998,
            "avg": 47.30364366336632,
            "med": 8.1989,
            "min": 0.5233
        }
    },
    "root_group": {
        "path": "",
        "id": "d41d8cd98f00b204e9800998ecf8427e",
        "groups": {},
        "checks": {},
        "name": ""
    }
}