{
    "metrics": {
        "http_req_waiting": {
            "p(90)": 18.79935,
            "p(95)": 23.54615,
            "p(99)": 40.481519999999975,
            "avg": 13.145584210526332,
            "med": 11.6545,
            "min": 5.5823,
            "max": 78.4694
        },
        "http_req_connecting": {
            "max": 0.542,
            "p(90)": 0,
            "p(95)": 0,
            "p(99)": 0,
            "avg": 0.0011885964912280703,
            "med": 0,
            "min": 0
        },
        "http_req_receiving": {
            "max": 2.1276,
            "p(90)": 0.52305,
            "p(95)": 0.569825,
            "p(99)": 0.8927049999999997,
            "avg": 0.10746337719298242,
            "med": 0,
            "min": 0
        },
        "http_req_failed": {
            "passes": 0,
            "fails": 456,
            "value": 0
        },
        "http_req_duration": {
            "p(99)": 41.06963499999999,
            "avg": 13.265413815789481,
            "med": 11.7057,
            "min": 5.5823,
            "max": 79.0686,
            "p(90)": 19.01225,
            "p(95)": 23.85455
        },
        "http_req_duration{expected_response:true}": {
            "avg": 13.265413815789481,
            "med": 11.7057,
            "min": 5.5823,
            "max": 79.0686,
            "p(90)": 19.01225,
            "p(95)": 23.85455,
            "p(99)": 41.06963499999999
        },
        "http_req_tls_handshaking": {
            "p(95)": 0,
            "p(99)": 0,
            "avg": 0,
            "med": 0,
            "min": 0,
            "max": 0,
            "p(90)": 0
        },
        "vus": {
            "value": 1,
            "min": 1,
            "max": 1
        },
        "data_received": {
            "count": 307914,
            "rate": 2562.2236791015857
        },
        "http_req_blocked": {
            "max": 13.1974,
            "p(90)": 0,
            "p(95)": 0,
            "p(99)": 0,
            "avg": 0.030178508771929825,
            "med": 0,
            "min": 0
        },
        "http_req_sending": {
            "p(90)": 0,
            "p(95)": 0,
            "p(99)": 0.5418749999999999,
            "avg": 0.012366228070175437,
            "med": 0,
            "min": 0,
            "max": 1.1185
        },
        "http_reqs": {
            "count": 456,
            "rate": 3.7944815684584756
        },
        "iteration_duration": {
            "avg": 1054.1498570175434,
            "med": 1050.54875,
            "min": 1034.7477,
            "max": 1193.6912,
            "p(90)": 1069.82128,
            "p(95)": 1086.99527,
            "p(99)": 1129.5366130000002
        },
        "vus_max": {
            "value": 1,
            "min": 1,
            "max": 1
        },
        "data_sent": {
            "rate": 1240.7954728859215,
            "count": 149112
        },
        "iterations": {
            "count": 114,
            "rate": 0.9486203921146189
        }
    },
    "root_group": {
        "checks": {},
        "name": "",
        "path": "",
        "id": "d41d8cd98f00b204e9800998ecf8427e",
        "groups": {}
    }
}