{
    "metrics": {
        "iteration_duration": {
            "p(99)": 1819.0458679999024,
            "avg": 1210.7645891701848,
            "med": 1175.5451,
            "min": 1060.9213,
            "max": 2786.246,
            "p(90)": 1326.94864,
            "p(95)": 1393.66568
        },
        "http_req_duration{expected_response:true}": {
            "p(90)": 87.30832999999997,
            "p(95)": 107.52559999999997,
            "p(99)": 200.61762100000007,
            "avg": 51.964159121960826,
            "med": 41.56765,
            "min": 9.2042,
            "max": 1272.8944
        },
        "vus_max": {
            "value": 50,
            "min": 50,
            "max": 50
        },
        "data_sent": {
            "count": 6509916,
            "rate": 53746.32465030991
        },
        "http_req_waiting": {
            "med": 41.431,
            "min": 9.2042,
            "max": 1272.8944,
            "p(90)": 87.01818999999999,
            "p(95)": 107.26923499999998,
            "p(99)": 200.61762100000007,
            "avg": 51.79930594735785
        },
        "vus": {
            "value": 7,
            "min": 7,
            "max": 50
        },
        "data_received": {
            "rate": 110985.33859364454,
            "count": 13442877
        },
        "http_reqs": {
            "count": 19908,
            "rate": 164.36184908351655
        },
        "http_req_duration": {
            "p(95)": 107.52559999999997,
            "p(99)": 200.61762100000007,
            "avg": 51.964159121960826,
            "med": 41.56765,
            "min": 9.2042,
            "max": 1272.8944,
            "p(90)": 87.30832999999997
        },
        "http_req_tls_handshaking": {
            "p(90)": 0,
            "p(95)": 0,
            "p(99)": 0,
            "avg": 0,
            "med": 0,
            "min": 0,
            "max": 0
        },
        "http_req_blocked": {
            "med": 0,
            "min": 0,
            "max": 23.0823,
            "p(90)": 0,
            "p(95)": 0,
            "p(99)": 0.5523160000000004,
            "avg": 0.06320164757886275
        },
        "iterations": {
            "count": 4977,
            "rate": 41.09046227087914
        },
        "http_req_connecting": {
            "avg": 0.003341425557564799,
            "med": 0,
            "min": 0,
            "max": 2.6118,
            "p(90)": 0,
            "p(95)": 0,
            "p(99)": 0
        },
        "http_req_failed": {
            "passes": 0,
            "fails": 19908,
            "value": 0
        },
        "http_req_sending": {
            "p(90)": 0,
            "p(95)": 0,
            "p(99)": 0.7267400000000023,
            "avg": 0.03907529636327108,
            "med": 0,
            "min": 0,
            "max": 35.0585
        },
        "http_req_receiving": {
            "min": 0,
            "max": 45.6122,
            "p(90)": 0.5509899999999998,
            "p(95)": 0.685424999999999,
            "p(99)": 1.0418300000000003,
            "avg": 0.12577787823990377,
            "med": 0
        }
    },
    "root_group": {
        "name": "",
        "path": "",
        "id": "d41d8cd98f00b204e9800998ecf8427e",
        "groups": {},
        "checks": {}
    }
}