{
    "root_group": {
        "name": "",
        "path": "",
        "id": "d41d8cd98f00b204e9800998ecf8427e",
        "groups": {},
        "checks": {}
    },
    "metrics": {
        "data_received": {
            "count": 3079140,
            "rate": 25457.590777242196
        },
        "http_req_blocked": {
            "max": 11.2935,
            "p(90)": 0,
            "p(95)": 0,
            "p(99)": 0,
            "avg": 0.026075855263157893,
            "med": 0,
            "min": 0
        },
        "http_req_connecting": {
            "min": 0,
            "max": 0.55,
            "p(90)": 0,
            "p(95)": 0,
            "p(99)": 0,
            "avg": 0.0012061403508771928,
            "med": 0
        },
        "iterations": {
            "count": 1140,
            "rate": 9.425246492870121
        },
        "http_req_duration": {
            "p(99)": 37.287676,
            "avg": 14.015158114035073,
            "med": 12.67125,
            "min": 4.952,
            "max": 82.7444,
            "p(90)": 20.75760000000001,
            "p(95)": 25.01273
        },
        "http_req_failed": {
            "passes": 0,
            "fails": 4560,
            "value": 0
        },
        "http_req_waiting": {
            "med": 12.5583,
            "min": 4.4809,
            "max": 82.7444,
            "p(90)": 20.61367,
            "p(95)": 24.83809500000001,
            "p(99)": 37.152812,
            "avg": 13.90449662280701
        },
        "data_sent": {
            "rate": 12328.222412674118,
            "count": 1491120
        },
        "http_req_tls_handshaking": {
            "max": 0,
            "p(90)": 0,
            "p(95)": 0,
            "p(99)": 0,
            "avg": 0,
            "med": 0,
            "min": 0
        },
        "http_req_duration{expected_response:true}": {
            "p(90)": 20.75760000000001,
            "p(95)": 25.01273,
            "p(99)": 37.287676,
            "avg": 14.015158114035073,
            "med": 12.67125,
            "min": 4.952,
            "max": 82.7444
        },
        "http_req_sending": {
            "min": 0,
            "max": 1.9964,
            "p(90)": 0,
            "p(95)": 0,
            "p(99)": 0.5603889999999996,
            "avg": 0.012745789473684212,
            "med": 0
        },
        "http_reqs": {
            "count": 4560,
            "rate": 37.700985971480485
        },
        "http_req_receiving": {
            "p(90)": 0.5148300000000001,
            "p(95)": 0.5947100000000001,
            "p(99)": 0.8318249999999996,
            "avg": 0.09791570175438595,
            "med": 0,
            "min": 0,
            "max": 5.4704
        },
        "vus": {
            "value": 10,
            "min": 10,
            "max": 10
        },
        "vus_max": {
            "value": 10,
            "min": 10,
            "max": 10
        },
        "iteration_duration": {
            "p(95)": 1084.8957,
            "p(99)": 1160.1616119999999,
            "avg": 1056.9793324561397,
            "med": 1054.1497,
            "min": 1029.3066,
            "max": 1199.0391,
            "p(90)": 1077.0042
        }
    }
}