{
    "root_group": {
        "name": "",
        "path": "",
        "id": "d41d8cd98f00b204e9800998ecf8427e",
        "groups": {},
        "checks": {}
    },
    "metrics": {
        "http_req_connecting": {
            "avg": 0.0012316413107080165,
            "med": 0,
            "min": 0,
            "max": 0.5613,
            "p(90)": 0,
            "p(95)": 0,
            "p(99)": 0
        },
        "http_req_sending": {
            "p(95)": 0,
            "p(99)": 0.5616999999999993,
            "avg": 0.013507679929783495,
            "med": 0,
            "min": 0,
            "max": 3.6701,
            "p(90)": 0
        },
        "http_req_receiving": {
            "avg": 0.08107944704505539,
            "med": 0,
            "min": 0,
            "max": 4.4775,
            "p(90)": 0.5081,
            "p(95)": 0.5744,
            "p(99)": 0.7786649999999999
        },
        "vus": {
            "value": 15,
            "min": 15,
            "max": 15
        },
        "data_sent": {
            "count": 2235372,
            "rate": 18490.38429574604
        },
        "http_req_waiting": {
            "p(95)": 27.037425000000002,
            "p(99)": 48.217964999999985,
            "avg": 13.994689906377959,
            "med": 12.1014,
            "min": 4.0415,
            "max": 85.5842,
            "p(90)": 21.6122
        },
        "data_received": {
            "count": 4616009,
            "rate": 38182.36084312695
        },
        "http_req_duration": {
            "max": 86.6756,
            "p(90)": 21.695149999999998,
            "p(95)": 27.32115,
            "p(99)": 48.217964999999985,
            "avg": 14.089277033352813,
            "med": 12.20055,
            "min": 4.0415
        },
        "vus_max": {
            "value": 15,
            "min": 15,
            "max": 15
        },
        "http_req_blocked": {
            "max": 11.2424,
            "p(90)": 0,
            "p(95)": 0,
            "p(99)": 0,
            "avg": 0.026383235810415444,
            "med": 0,
            "min": 0
        },
        "http_req_failed": {
            "passes": 0,
            "fails": 6836,
            "value": 0
        },
        "iterations": {
            "count": 1709,
            "rate": 14.136379430998502
        },
        "http_reqs": {
            "rate": 56.54551772399401,
            "count": 6836
        },
        "http_req_tls_handshaking": {
            "p(90)": 0,
            "p(95)": 0,
            "p(99)": 0,
            "avg": 0,
            "med": 0,
            "min": 0,
            "max": 0
        },
        "iteration_duration": {
            "min": 1026.9602,
            "max": 1258.593,
            "p(90)": 1080.6125399999999,
            "p(95)": 1092.70524,
            "p(99)": 1187.2430040000008,
            "avg": 1057.3962995904049,
            "med": 1051.52
        },
        "http_req_duration{expected_response:true}": {
            "min": 4.0415,
            "max": 86.6756,
            "p(90)": 21.695149999999998,
            "p(95)": 27.32115,
            "p(99)": 48.217964999999985,
            "avg": 14.089277033352813,
            "med": 12.20055
        }
    }
}