{
    "root_group": {
        "name": "",
        "path": "",
        "id": "d41d8cd98f00b204e9800998ecf8427e",
        "groups": {},
        "checks": {}
    },
    "metrics": {
        "data_sent": {
            "count": 2961312,
            "rate": 24464.592238748985
        },
        "vus_max": {
            "value": 20,
            "min": 20,
            "max": 20
        },
        "http_req_duration{expected_response:true}": {
            "max": 143.7012,
            "p(90)": 22.7902,
            "p(95)": 28.2261,
            "p(99)": 54.24423500000015,
            "avg": 15.592009673144856,
            "med": 13.50095,
            "min": 5.4528
        },
        "http_reqs": {
            "count": 9056,
            "rate": 74.8152667851651
        },
        "http_req_sending": {
            "p(90)": 0,
            "p(95)": 0,
            "p(99)": 0.5533050000000006,
            "avg": 0.013051556978798588,
            "med": 0,
            "min": 0,
            "max": 3.4256
        },
        "http_req_waiting": {
            "med": 13.42185,
            "min": 5.4528,
            "max": 143.1471,
            "p(90)": 22.700699999999998,
            "p(95)": 28.0462,
            "p(99)": 54.24423500000015,
            "avg": 15.510227672261477
        },
        "http_req_receiving": {
            "avg": 0.06873044390459358,
            "med": 0,
            "min": 0,
            "max": 2.489,
            "p(90)": 0.5051,
            "p(95)": 0.5634,
            "p(99)": 0.7517600000000005
        },
        "iteration_duration": {
            "p(99)": 1203.767835,
            "avg": 1063.552723984101,
            "med": 1056.50515,
            "min": 1033.1677,
            "max": 1348.3431,
            "p(90)": 1081.66829,
            "p(95)": 1102.192075
        },
        "data_received": {
            "rate": 50519.00889668273,
            "count": 6115064
        },
        "vus": {
            "value": 2,
            "min": 2,
            "max": 20
        },
        "iterations": {
            "count": 2264,
            "rate": 18.703816696291273
        },
        "http_req_tls_handshaking": {
            "avg": 0,
            "med": 0,
            "min": 0,
            "max": 0,
            "p(90)": 0,
            "p(95)": 0,
            "p(99)": 0
        },
        "http_req_blocked": {
            "min": 0,
            "max": 13.7695,
            "p(90)": 0,
            "p(95)": 0,
            "p(99)": 0,
            "avg": 0.03147921819787987,
            "med": 0
        },
        "http_req_duration": {
            "med": 13.50095,
            "min": 5.4528,
            "max": 143.7012,
            "p(90)": 22.7902,
            "p(95)": 28.2261,
            "p(99)": 54.24423500000015,
            "avg": 15.592009673144856
        },
        "http_req_failed": {
            "passes": 0,
            "fails": 9056,
            "value": 0
        },
        "http_req_connecting": {
            "min": 0,
            "max": 2.2556,
            "p(90)": 0,
            "p(95)": 0,
            "p(99)": 0,
            "avg": 0.0030154151943462904,
            "med": 0
        }
    }
}