{
    "metrics": {
        "http_req_duration": {
            "avg": 26.405209403669733,
            "med": 22.86,
            "min": 11.5651,
            "max": 103.2352,
            "p(90)": 42.2805,
            "p(95)": 58.762175,
            "p(99)": 83.30654999999996
        },
        "http_req_tls_handshaking": {
            "max": 0,
            "p(90)": 0,
            "p(95)": 0,
            "p(99)": 0,
            "avg": 0,
            "med": 0,
            "min": 0
        },
        "vus_max": {
            "value": 1,
            "min": 1,
            "max": 1
        },
        "data_received": {
            "count": 294409,
            "rate": 2436.800046446108
        },
        "data_sent": {
            "count": 142572,
            "rate": 1180.057186505557
        },
        "iterations": {
            "count": 109,
            "rate": 0.9021843933528723
        },
        "http_req_blocked": {
            "p(99)": 0.8094449999999989,
            "avg": 0.053093807339449545,
            "med": 0,
            "min": 0,
            "max": 17.7703,
            "p(90)": 0,
            "p(95)": 0
        },
        "http_req_connecting": {
            "p(95)": 0,
            "p(99)": 0,
            "avg": 0.0013073394495412842,
            "med": 0,
            "min": 0,
            "max": 0.57,
            "p(90)": 0
        },
        "http_req_duration{expected_response:true}": {
            "avg": 26.405209403669733,
            "med": 22.86,
            "min": 11.5651,
            "max": 103.2352,
            "p(90)": 42.2805,
            "p(95)": 58.762175,
            "p(99)": 83.30654999999996
        },
        "http_req_failed": {
            "passes": 0,
            "fails": 436,
            "value": 0
        },
        "http_req_sending": {
            "p(95)": 0,
            "p(99)": 0.6420099999999996,
            "avg": 0.02959816513761468,
            "med": 0,
            "min": 0,
            "max": 1.9462,
            "p(90)": 0
        },
        "http_req_waiting": {
            "avg": 26.221302522935805,
            "med": 22.7744,
            "min": 11.5651,
            "max": 102.5119,
            "p(90)": 42.0783,
            "p(95)": 58.762175,
            "p(99)": 82.93130499999997
        },
        "http_req_receiving": {
            "max": 2.1389,
            "p(90)": 0.6602,
            "p(95)": 0.8249500000000001,
            "p(99)": 1.2123949999999972,
            "avg": 0.15430871559633028,
            "med": 0,
            "min": 0
        },
        "http_reqs": {
            "count": 436,
            "rate": 3.608737573411489
        },
        "vus": {
            "value": 1,
            "min": 1,
            "max": 1
        },
        "iteration_duration": {
            "max": 1194.1965,
            "p(90)": 1159.94374,
            "p(95)": 1171.87166,
            "p(99)": 1181.518532,
            "avg": 1108.4052633027525,
            "med": 1101.8621,
            "min": 1060.0586
        }
    },
    "root_group": {
        "groups": {},
        "checks": {},
        "name": "",
        "path": "",
        "id": "d41d8cd98f00b204e9800998ecf8427e"
    }
}