{
    "root_group": {
        "groups": {},
        "checks": {},
        "name": "",
        "path": "",
        "id": "d41d8cd98f00b204e9800998ecf8427e"
    },
    "metrics": {
        "vus": {
            "min": 3,
            "max": 5,
            "value": 3
        },
        "http_req_duration": {
            "avg": 21.978541036036056,
            "med": 18.1017,
            "min": 6.5188,
            "max": 95.0353,
            "p(90)": 37.293240000000004,
            "p(95)": 48.99406999999988,
            "p(99)": 67.714057
        },
        "http_req_sending": {
            "med": 0,
            "min": 0,
            "max": 1.4701,
            "p(90)": 0,
            "p(95)": 0,
            "p(99)": 0.568186,
            "avg": 0.013967297297297298
        },
        "data_sent": {
            "count": 725940,
            "rate": 5998.638870713504
        },
        "iteration_duration": {
            "avg": 1088.8660407207215,
            "med": 1083.5144,
            "min": 1041.3761,
            "max": 1168.9064,
            "p(90)": 1132.11546,
            "p(95)": 1138.95722,
            "p(99)": 1154.0490860000002
        },
        "iterations": {
            "count": 555,
            "rate": 4.586115344582189
        },
        "http_req_receiving": {
            "max": 1.6435,
            "p(90)": 0.50626,
            "p(95)": 0.5941299999999982,
            "p(99)": 0.8327869999999982,
            "avg": 0.08477855855855859,
            "med": 0,
            "min": 0
        },
        "http_req_tls_handshaking": {
            "med": 0,
            "min": 0,
            "max": 0,
            "p(90)": 0,
            "p(95)": 0,
            "p(99)": 0,
            "avg": 0
        },
        "http_req_failed": {
            "passes": 0,
            "fails": 2220,
            "value": 0
        },
        "http_req_connecting": {
            "min": 0,
            "max": 1.4152,
            "p(90)": 0,
            "p(95)": 0,
            "p(99)": 0,
            "avg": 0.001806126126126126,
            "med": 0
        },
        "vus_max": {
            "value": 5,
            "min": 5,
            "max": 5
        },
        "http_req_waiting": {
            "p(99)": 67.61548499999999,
            "avg": 21.87979518018019,
            "med": 18.036250000000003,
            "min": 6.5188,
            "max": 95.0353,
            "p(90)": 37.102820000000015,
            "p(95)": 48.99406999999988
        },
        "http_reqs": {
            "count": 2220,
            "rate": 18.344461378328756
        },
        "data_received": {
            "count": 1499055,
            "rate": 12387.097545716493
        },
        "http_req_duration{expected_response:true}": {
            "max": 95.0353,
            "p(90)": 37.293240000000004,
            "p(95)": 48.99406999999988,
            "p(99)": 67.714057,
            "avg": 21.978541036036056,
            "med": 18.1017,
            "min": 6.5188
        },
        "http_req_blocked": {
            "min": 0,
            "max": 11.2607,
            "p(90)": 0,
            "p(95)": 0,
            "p(99)": 0,
            "avg": 0.02932058558558558,
            "med": 0
        }
    }
}