{
    "metrics": {
        "data_received": {
            "count": 15233640,
            "rate": 125856.71564824959
        },
        "http_req_duration": {
            "p(90)": 25.23186,
            "p(95)": 32.21551499999999,
            "p(99)": 96.70734399999998,
            "avg": 16.94210046542562,
            "med": 13.48985,
            "min": 4.3572,
            "max": 689.1322
        },
        "data_sent": {
            "count": 7377120,
            "rate": 60948.0133535396
        },
        "http_req_blocked": {
            "avg": 0.02308769503546099,
            "med": 0,
            "min": 0,
            "max": 10.6382,
            "p(90)": 0,
            "p(95)": 0,
            "p(99)": 0
        },
        "http_req_tls_handshaking": {
            "med": 0,
            "min": 0,
            "max": 0,
            "p(90)": 0,
            "p(95)": 0,
            "p(99)": 0,
            "avg": 0
        },
        "http_reqs": {
            "count": 22560,
            "rate": 186.38536193742996
        },
        "http_req_waiting": {
            "med": 13.390450000000001,
            "min": 4.3572,
            "max": 689.1322,
            "p(90)": 25.134020000000014,
            "p(95)": 32.07033999999999,
            "p(99)": 96.70734399999998,
            "avg": 16.858452495567406
        },
        "http_req_failed": {
            "passes": 0,
            "fails": 22560,
            "value": 0
        },
        "vus": {
            "value": 3,
            "min": 3,
            "max": 50
        },
        "iterations": {
            "count": 5640,
            "rate": 46.59634048435749
        },
        "iteration_duration": {
            "p(90)": 1091.0450500000002,
            "p(95)": 1119.9692949999999,
            "p(99)": 1396.6648119999963,
            "avg": 1068.7238172695022,
            "med": 1055.56045,
            "min": 1029.0008,
            "max": 1785.7755
        },
        "http_req_connecting": {
            "max": 1.1906,
            "p(90)": 0,
            "p(95)": 0,
            "p(99)": 0,
            "avg": 0.0011292952127659572,
            "med": 0,
            "min": 0
        },
        "http_req_receiving": {
            "avg": 0.07150793439716316,
            "med": 0,
            "min": 0,
            "max": 6.4489,
            "p(90)": 0.5065,
            "p(95)": 0.5554,
            "p(99)": 0.7502049999999999
        },
        "vus_max": {
            "value": 50,
            "min": 50,
            "max": 50
        },
        "http_req_duration{expected_response:true}": {
            "avg": 16.94210046542562,
            "med": 13.48985,
            "min": 4.3572,
            "max": 689.1322,
            "p(90)": 25.23186,
            "p(95)": 32.21551499999999,
            "p(99)": 96.70734399999998
        },
        "http_req_sending": {
            "avg": 0.01214003546099291,
            "med": 0,
            "min": 0,
            "max": 3.2225,
            "p(90)": 0,
            "p(95)": 0,
            "p(99)": 0.5512819999999999
        }
    },
    "root_group": {
        "checks": {},
        "name": "",
        "path": "",
        "id": "d41d8cd98f00b204e9800998ecf8427e",
        "groups": {}
    }
}