{
    "metrics": {
        "http_req_duration{expected_response:true}": {
            "max": 305.0731,
            "p(90)": 51.417379999999994,
            "p(95)": 65.33816000000003,
            "p(99)": 97.05849099999993,
            "avg": 26.80178160615808,
            "med": 20.4792,
            "min": 6.7883
        },
        "http_req_duration": {
            "avg": 26.80178160615808,
            "med": 20.4792,
            "min": 6.7883,
            "max": 305.0731,
            "p(90)": 51.417379999999994,
            "p(95)": 65.33816000000003,
            "p(99)": 97.05849099999993
        },
        "iteration_duration": {
            "avg": 1109.9389308823502,
            "med": 1092.9535999999998,
            "min": 1043.8159,
            "max": 1499.1505,
            "p(90)": 1172.46835,
            "p(95)": 1218.7137750000002,
            "p(99)": 1386.421825
        },
        "http_req_connecting": {
            "p(95)": 0,
            "p(99)": 0,
            "avg": 0.0022945772058823527,
            "med": 0,
            "min": 0,
            "max": 0.9986,
            "p(90)": 0
        },
        "http_req_blocked": {
            "med": 0,
            "min": 0,
            "max": 13.0994,
            "p(90)": 0,
            "p(95)": 0,
            "p(99)": 0.5249479999999945,
            "avg": 0.03762104779411766
        },
        "vus": {
            "value": 4,
            "min": 4,
            "max": 20
        },
        "data_sent": {
            "count": 2846208,
            "rate": 23521.633265955916
        },
        "http_req_failed": {
            "passes": 0,
            "fails": 8704,
            "value": 0
        },
        "vus_max": {
            "value": 20,
            "min": 20,
            "max": 20
        },
        "http_reqs": {
            "count": 8704,
            "rate": 71.93160020170005
        },
        "http_req_receiving": {
            "med": 0,
            "min": 0,
            "max": 26.418,
            "p(90)": 0.53307,
            "p(95)": 0.6749950000000002,
            "p(99)": 1.0990639999999992,
            "avg": 0.11014269301470603
        },
        "http_req_sending": {
            "avg": 0.030614820772058824,
            "med": 0,
            "min": 0,
            "max": 18.0281,
            "p(90)": 0,
            "p(95)": 0,
            "p(99)": 0.7758669999999993
        },
        "http_req_tls_handshaking": {
            "min": 0,
            "max": 0,
            "p(90)": 0,
            "p(95)": 0,
            "p(99)": 0,
            "avg": 0,
            "med": 0
        },
        "http_req_waiting": {
            "p(90)": 51.22840999999998,
            "p(95)": 65.33723000000003,
            "p(99)": 96.94961299999996,
            "avg": 26.6610240923713,
            "med": 20.40315,
            "min": 6.1972,
            "max": 305.0731
        },
        "iterations": {
            "count": 2176,
            "rate": 17.982900050425012
        },
        "data_received": {
            "count": 5877376,
            "rate": 48571.81303619796
        }
    },
    "root_group": {
        "checks": {},
        "name": "",
        "path": "",
        "id": "d41d8cd98f00b204e9800998ecf8427e",
        "groups": {}
    }
}