{
    "root_group": {
        "name": "",
        "path": "",
        "id": "d41d8cd98f00b204e9800998ecf8427e",
        "groups": {},
        "checks": {}
    },
    "metrics": {
        "http_req_receiving": {
            "max": 1.8445,
            "p(90)": 0.51326,
            "p(95)": 0.6536649999999985,
            "p(99)": 0.8893249999999989,
            "avg": 0.10346253387533877,
            "med": 0,
            "min": 0
        },
        "iteration_duration": {
            "max": 1330.4761,
            "p(90)": 1135.35146,
            "p(95)": 1174.38772,
            "p(99)": 1286.7205760000004,
            "avg": 1090.1627169828364,
            "med": 1075.9007,
            "min": 1044.1193
        },
        "http_req_sending": {
            "avg": 0.012079787714543816,
            "med": 0,
            "min": 0,
            "max": 1.3568,
            "p(90)": 0,
            "p(95)": 0,
            "p(99)": 0.5427969999999961
        },
        "data_sent": {
            "count": 1447956,
            "rate": 11968.014011386376
        },
        "http_req_duration{expected_response:true}": {
            "max": 154.6475,
            "p(90)": 38.99068,
            "p(95)": 55.63230499999997,
            "p(99)": 81.93583199999996,
            "avg": 22.26311562782291,
            "med": 17.29665,
            "min": 6.9038
        },
        "http_req_failed": {
            "passes": 0,
            "fails": 4428,
            "value": 0
        },
        "http_req_connecting": {
            "avg": 0.001469060523938573,
            "med": 0,
            "min": 0,
            "max": 1.233,
            "p(90)": 0,
            "p(95)": 0,
            "p(99)": 0
        },
        "vus_max": {
            "value": 10,
            "min": 10,
            "max": 10
        },
        "http_req_waiting": {
            "p(95)": 55.53712499999997,
            "p(99)": 81.80897399999992,
            "avg": 22.14757330623304,
            "med": 17.187849999999997,
            "min": 6.9038,
            "max": 154.6475,
            "p(90)": 38.9841
        },
        "http_reqs": {
            "count": 4428,
            "rate": 36.599431227481276
        },
        "http_req_duration": {
            "avg": 22.26311562782291,
            "med": 17.29665,
            "min": 6.9038,
            "max": 154.6475,
            "p(90)": 38.99068,
            "p(95)": 55.63230499999997,
            "p(99)": 81.93583199999996
        },
        "http_req_blocked": {
            "p(99)": 0,
            "avg": 0.04062375790424571,
            "med": 0,
            "min": 0,
            "max": 16.5201,
            "p(90)": 0,
            "p(95)": 0
        },
        "data_received": {
            "count": 2990007,
            "rate": 24713.76593635673
        },
        "vus": {
            "value": 10,
            "min": 10,
            "max": 10
        },
        "iterations": {
            "count": 1107,
            "rate": 9.149857806870319
        },
        "http_req_tls_handshaking": {
            "p(90)": 0,
            "p(95)": 0,
            "p(99)": 0,
            "avg": 0,
            "med": 0,
            "min": 0,
            "max": 0
        }
    }
}