{
    "metrics": {
        "iteration_duration": {
            "avg": 1058.261296140351,
            "med": 1050.6896000000002,
            "min": 1028.9706,
            "max": 1257.8059,
            "p(90)": 1084.53078,
            "p(95)": 1107.73887,
            "p(99)": 1173.224415
        },
        "data_received": {
            "count": 1539570,
            "rate": 12730.421954179694
        },
        "http_req_blocked": {
            "med": 0,
            "min": 0,
            "max": 26.9642,
            "p(90)": 0,
            "p(95)": 0,
            "p(99)": 0,
            "avg": 0.062389122807017514
        },
        "http_req_connecting": {
            "min": 0,
            "max": 1.6102,
            "p(90)": 0,
            "p(95)": 0,
            "p(99)": 0,
            "avg": 0.003531140350877193,
            "med": 0
        },
        "vus": {
            "value": 5,
            "min": 5,
            "max": 5
        },
        "data_sent": {
            "count": 745560,
            "rate": 6164.898895248812
        },
        "vus_max": {
            "value": 5,
            "min": 5,
            "max": 5
        },
        "http_req_tls_handshaking": {
            "med": 0,
            "min": 0,
            "max": 0,
            "p(90)": 0,
            "p(95)": 0,
            "p(99)": 0,
            "avg": 0
        },
        "http_req_sending": {
            "p(95)": 0,
            "p(99)": 0.5733250000000001,
            "avg": 0.012378640350877192,
            "med": 0,
            "min": 0,
            "max": 0.9997,
            "p(90)": 0
        },
        "iterations": {
            "count": 570,
            "rate": 4.713225455083189
        },
        "http_reqs": {
            "count": 2280,
            "rate": 18.852901820332757
        },
        "http_req_failed": {
            "passes": 0,
            "fails": 2280,
            "value": 0
        },
        "http_req_duration{expected_response:true}": {
            "max": 89.1236,
            "p(90)": 23.206339999999997,
            "p(95)": 29.202074999999976,
            "p(99)": 45.28345300000001,
            "avg": 14.292300263157903,
            "med": 12.0307,
            "min": 4.781
        },
        "http_req_waiting": {
            "p(99)": 45.074720000000006,
            "avg": 14.175321885964916,
            "med": 11.90505,
            "min": 4.781,
            "max": 89.1236,
            "p(90)": 23.098659999999995,
            "p(95)": 29.076999999999988
        },
        "http_req_duration": {
            "avg": 14.292300263157903,
            "med": 12.0307,
            "min": 4.781,
            "max": 89.1236,
            "p(90)": 23.206339999999997,
            "p(95)": 29.202074999999976,
            "p(99)": 45.28345300000001
        },
        "http_req_receiving": {
            "avg": 0.10459973684210529,
            "med": 0,
            "min": 0,
            "max": 1.8026,
            "p(90)": 0.52681,
            "p(95)": 0.58832,
            "p(99)": 0.8152060000000003
        }
    },
    "root_group": {
        "name": "",
        "path": "",
        "id": "d41d8cd98f00b204e9800998ecf8427e",
        "groups": {},
        "checks": {}
    }
}