{
    "metrics": {
        "http_req_tls_handshaking": {
            "p(90)": 0,
            "p(95)": 0,
            "p(99)": 0,
            "avg": 0,
            "med": 0,
            "min": 0,
            "max": 0
        },
        "http_req_blocked": {
            "avg": 0.03124130434782609,
            "med": 0,
            "min": 0,
            "max": 11.3818,
            "p(90)": 0,
            "p(95)": 0,
            "p(99)": 0
        },
        "http_req_receiving": {
            "avg": 0.12435413043478259,
            "med": 0,
            "min": 0,
            "max": 1.0491,
            "p(90)": 0.52457,
            "p(95)": 0.6058049999999994,
            "p(99)": 0.8491789999999987
        },
        "http_req_failed": {
            "passes": 0,
            "fails": 460,
            "value": 0
        },
        "iteration_duration": {
            "avg": 1046.7774947826083,
            "med": 1045.129,
            "min": 1032.1817,
            "max": 1079.3935,
            "p(90)": 1057.33744,
            "p(95)": 1060.70564,
            "p(99)": 1065.729652
        },
        "http_req_duration": {
            "p(90)": 17.089900000000004,
            "p(95)": 19.764134999999992,
            "p(99)": 23.003952999999957,
            "avg": 11.46872565217391,
            "med": 10.19575,
            "min": 5.6465,
            "max": 28.3378
        },
        "data_received": {
            "count": 310615,
            "rate": 2580.3000288623275
        },
        "http_req_duration{expected_response:true}": {
            "med": 10.19575,
            "min": 5.6465,
            "max": 28.3378,
            "p(90)": 17.089900000000004,
            "p(95)": 19.764134999999992,
            "p(99)": 23.003952999999957,
            "avg": 11.46872565217391
        },
        "data_sent": {
            "count": 150420,
            "rate": 1249.5492179755365
        },
        "iterations": {
            "count": 115,
            "rate": 0.9553128577794623
        },
        "http_req_connecting": {
            "p(90)": 0,
            "p(95)": 0,
            "p(99)": 0,
            "avg": 0.0011480434782608696,
            "med": 0,
            "min": 0,
            "max": 0.5281
        },
        "http_req_sending": {
            "p(95)": 0,
            "p(99)": 0.5496429999999999,
            "avg": 0.012858695652173914,
            "med": 0,
            "min": 0,
            "max": 1.0716,
            "p(90)": 0
        },
        "vus": {
            "value": 1,
            "min": 1,
            "max": 1
        },
        "http_reqs": {
            "count": 460,
            "rate": 3.821251431117849
        },
        "vus_max": {
            "value": 1,
            "min": 1,
            "max": 1
        },
        "http_req_waiting": {
            "p(99)": 23.003952999999957,
            "avg": 11.331512826086948,
            "med": 10.0642,
            "min": 5.3874,
            "max": 28.3378,
            "p(90)": 17.02867,
            "p(95)": 19.282594999999986
        }
    },
    "root_group": {
        "name": "",
        "path": "",
        "id": "d41d8cd98f00b204e9800998ecf8427e",
        "groups": {},
        "checks": {}
    }
}