{
    "root_group": {
        "checks": {},
        "name": "",
        "path": "",
        "id": "d41d8cd98f00b204e9800998ecf8427e",
        "groups": {}
    },
    "metrics": {
        "http_req_tls_handshaking": {
            "min": 0,
            "max": 0,
            "p(90)": 0,
            "p(95)": 0,
            "p(99)": 0,
            "avg": 0,
            "med": 0
        },
        "vus": {
            "value": 4,
            "min": 4,
            "max": 15
        },
        "http_req_duration{expected_response:true}": {
            "p(95)": 50.46387999999993,
            "p(99)": 89.809894,
            "avg": 20.724008497905473,
            "med": 15.873,
            "min": 5.8869,
            "max": 226.3646,
            "p(90)": 35.35487
        },
        "data_sent": {
            "count": 2185668,
            "rate": 18054.94073591025
        },
        "iterations": {
            "count": 1671,
            "rate": 13.803471510634749
        },
        "data_received": {
            "count": 4513371,
            "rate": 37283.17655022446
        },
        "http_req_sending": {
            "avg": 0.02266959904248954,
            "med": 0,
            "min": 0,
            "max": 5.7989,
            "p(90)": 0,
            "p(95)": 0,
            "p(99)": 0.5986250000000002
        },
        "http_req_blocked": {
            "p(99)": 0.5390510000000001,
            "avg": 0.03732550867743867,
            "med": 0,
            "min": 0,
            "max": 14.3083,
            "p(90)": 0,
            "p(95)": 0
        },
        "http_req_receiving": {
            "p(99)": 1.0031850000000002,
            "avg": 0.10128859964093352,
            "med": 0,
            "min": 0,
            "max": 9.3271,
            "p(90)": 0.53807,
            "p(95)": 0.6111
        },
        "http_reqs": {
            "count": 6684,
            "rate": 55.213886042538995
        },
        "http_req_connecting": {
            "avg": 0.0025022441651705567,
            "med": 0,
            "min": 0,
            "max": 1.115,
            "p(90)": 0,
            "p(95)": 0,
            "p(99)": 0
        },
        "vus_max": {
            "value": 15,
            "min": 15,
            "max": 15
        },
        "iteration_duration": {
            "med": 1066.7335,
            "min": 1036.6319,
            "max": 1392.7547,
            "p(90)": 1142.4119,
            "p(95)": 1182.62605,
            "p(99)": 1353.44724,
            "avg": 1084.5796275882701
        },
        "http_req_duration": {
            "p(95)": 50.46387999999993,
            "p(99)": 89.809894,
            "avg": 20.724008497905473,
            "med": 15.873,
            "min": 5.8869,
            "max": 226.3646,
            "p(90)": 35.35487
        },
        "http_req_failed": {
            "passes": 0,
            "fails": 6684,
            "value": 0
        },
        "http_req_waiting": {
            "p(95)": 50.30385,
            "p(99)": 89.248113,
            "avg": 20.600050299222087,
            "med": 15.7544,
            "min": 5.5585,
            "max": 226.3646,
            "p(90)": 35.27765
        }
    }
}