{
    "metrics": {
        "http_req_waiting": {
            "med": 3.6574359999999997,
            "max": 52.440463,
            "p(90)": 11.599249499999994,
            "p(95)": 15.94320024999999,
            "avg": 5.632767169329383,
            "min": 1.427959
        },
        "http_req_failed": {
            "passes": 0,
            "fails": 19028,
            "value": 0
        },
        "http_reqs": {
            "count": 19028,
            "rate": 208.98307884371846
        },
        "http_req_connecting": {
            "min": 0,
            "med": 0,
            "max": 26.850202,
            "p(90)": 0,
            "p(95)": 0,
            "avg": 0.03152281600798824
        },
        "http_req_sending": {
            "max": 1.575827,
            "p(90)": 0.0378439,
            "p(95)": 0.05215719999999994,
            "avg": 0.022160365461425403,
            "min": 0.003272,
            "med": 0.015876
        },
        "iteration_duration": {
            "avg": 1024.3226147105318,
            "min": 1008.681207,
            "med": 1017.457919,
            "max": 1134.456207,
            "p(90)": 1046.7499756,
            "p(95)": 1061.3935028
        },
        "vus_max": {
            "value": 200,
            "min": 200,
            "max": 200
        },
        "data_sent": {
            "count": 2725761,
            "rate": 29936.826044362668
        },
        "http_req_tls_handshaking": {
            "p(90)": 0,
            "p(95)": 0,
            "avg": 0,
            "min": 0,
            "med": 0,
            "max": 0
        },
        "http_req_receiving": {
            "p(95)": 0.17623154999999988,
            "avg": 0.09733485116670128,
            "min": 0.012289,
            "med": 0.08220649999999999,
            "max": 5.167616,
            "p(90)": 0.14403539999999998
        },
        "iterations": {
            "count": 4757,
            "rate": 52.245769710929615
        },
        "http_req_blocked": {
            "min": 0.000762,
            "med": 0.0048345,
            "max": 26.93682,
            "p(90)": 0.007954,
            "p(95)": 0.009514299999999995,
            "avg": 0.03915337124237951
        },
        "vus": {
            "value": 28,
            "min": 1,
            "max": 199
        },
        "data_received": {
            "count": 7049874,
            "rate": 77428.23071159769
        },
        "http_req_duration": {
            "avg": 5.752262385957521,
            "min": 1.494468,
            "med": 3.7877505,
            "max": 52.607826,
            "p(90)": 11.718675399999999,
            "p(95)": 16.066254849999996
        },
        "http_req_duration{expected_response:true}": {
            "p(95)": 16.066254849999996,
            "avg": 5.752262385957521,
            "min": 1.494468,
            "med": 3.7877505,
            "max": 52.607826,
            "p(90)": 11.718675399999999
        }
    },
    "root_group": {
        "name": "",
        "path": "",
        "id": "d41d8cd98f00b204e9800998ecf8427e",
        "groups": {},
        "checks": {}
    }
}