{
    "metrics": {
        "http_req_duration{expected_response:true}": {
            "p(90)": 54.13175,
            "p(95)": 57.9309,
            "p(99)": 65.435476,
            "avg": 17.533976991150464,
            "med": 6.62465,
            "min": 0.5256,
            "max": 76.1111
        },
        "http_req_receiving": {
            "p(99)": 0.9561520000000007,
            "avg": 0.1263420353982301,
            "med": 0,
            "min": 0,
            "max": 5.7238,
            "p(90)": 0.52378,
            "p(95)": 0.6005149999999999
        },
        "vus_max": {
            "value": 1,
            "min": 1,
            "max": 1
        },
        "http_req_waiting": {
            "p(99)": 65.435476,
            "avg": 17.391162389380547,
            "med": 6.508649999999999,
            "min": 0.5042,
            "max": 76.1111,
            "p(90)": 53.88611,
            "p(95)": 57.598805
        },
        "data_received": {
            "rate": 7850.581894509447,
            "count": 950330
        },
        "http_req_connecting": {
            "p(99)": 0,
            "avg": 0.0011442477876106194,
            "med": 0,
            "min": 0,
            "max": 0.5172,
            "p(90)": 0,
            "p(95)": 0
        },
        "data_sent": {
            "count": 164867,
            "rate": 1361.9499386550872
        },
        "iteration_duration": {
            "avg": 1071.2536194690263,
            "med": 1069.0636,
            "min": 1061.7817,
            "max": 1165.0908,
            "p(90)": 1077.8832,
            "p(95)": 1083.62616,
            "p(99)": 1104.1848759999998
        },
        "http_reqs": {
            "count": 452,
            "rate": 3.733927179314838
        },
        "vus": {
            "value": 1,
            "min": 1,
            "max": 1
        },
        "iterations": {
            "rate": 0.9334817948287095,
            "count": 113
        },
        "http_req_duration": {
            "avg": 17.533976991150464,
            "med": 6.62465,
            "min": 0.5256,
            "max": 76.1111,
            "p(90)": 54.13175,
            "p(95)": 57.9309,
            "p(99)": 65.435476
        },
        "http_req_tls_handshaking": {
            "med": 0,
            "min": 0,
            "max": 0,
            "p(90)": 0,
            "p(95)": 0,
            "p(99)": 0,
            "avg": 0
        },
        "http_req_sending": {
            "p(95)": 0,
            "p(99)": 0.24666600000000455,
            "avg": 0.016472566371681416,
            "med": 0,
            "min": 0,
            "max": 5.3562,
            "p(90)": 0
        },
        "http_req_failed": {
            "fails": 452,
            "passes": 0,
            "value": 0
        },
        "http_req_blocked": {
            "med": 0,
            "min": 0,
            "max": 10.3912,
            "p(90)": 0,
            "p(95)": 0,
            "p(99)": 0,
            "avg": 0.0241179203539823
        }
    },
    "root_group": {
        "checks": {},
        "name": "",
        "path": "",
        "id": "d41d8cd98f00b204e9800998ecf8427e",
        "groups": {}
    }
}