{
    "root_group": {
        "name": "",
        "path": "",
        "id": "d41d8cd98f00b204e9800998ecf8427e",
        "groups": {},
        "checks": {}
    },
    "metrics": {
        "http_req_connecting": {
            "p(90)": 0,
            "p(95)": 0,
            "p(99)": 0,
            "avg": 0.007301167175435446,
            "med": 0,
            "min": 0,
            "max": 3.8906
        },
        "http_req_duration{expected_response:true}": {
            "max": 725.9789,
            "p(90)": 57.76225,
            "p(95)": 63.853,
            "p(99)": 92.059675,
            "avg": 20.173214899443334,
            "med": 7.0689,
            "min": 0.5043
        },
        "vus": {
            "min": 5,
            "max": 50,
            "value": 5
        },
        "http_req_sending": {
            "min": 0,
            "max": 9.0904,
            "p(90)": 0,
            "p(95)": 0,
            "p(99)": 0.53145,
            "avg": 0.011473801400610523,
            "med": 0
        },
        "http_req_failed": {
            "passes": 0,
            "fails": 22276,
            "value": 0
        },
        "http_req_waiting": {
            "p(90)": 57.67685,
            "p(95)": 63.787974999999996,
            "p(99)": 91.89942500000001,
            "avg": 20.08916914616634,
            "med": 6.9982500000000005,
            "min": 0,
            "max": 725.9789
        },
        "vus_max": {
            "value": 50,
            "min": 50,
            "max": 50
        },
        "http_req_blocked": {
            "med": 0,
            "min": 0,
            "max": 9.8337,
            "p(90)": 0,
            "p(95)": 0,
            "p(99)": 0,
            "avg": 0.022599331118692768
        },
        "http_req_tls_handshaking": {
            "min": 0,
            "max": 0,
            "p(90)": 0,
            "p(95)": 0,
            "p(99)": 0,
            "avg": 0,
            "med": 0
        },
        "http_req_receiving": {
            "med": 0,
            "min": 0,
            "max": 2.0177,
            "p(90)": 0.5105500000000001,
            "p(95)": 0.5387249999999999,
            "p(99)": 0.7114750000000001,
            "avg": 0.07257195187645898
        },
        "iteration_duration": {
            "p(99)": 1248.088904,
            "avg": 1081.4691017776954,
            "med": 1072.9376,
            "min": 1060.623,
            "max": 1747.9702,
            "p(90)": 1095.25486,
            "p(95)": 1109.9955599999998
        },
        "iterations": {
            "count": 5569,
            "rate": 46.00328297567592
        },
        "data_sent": {
            "count": 8125171,
            "rate": 67118.78986151118
        },
        "http_req_duration": {
            "p(95)": 63.853,
            "p(99)": 92.059675,
            "avg": 20.173214899443334,
            "med": 7.0689,
            "min": 0.5043,
            "max": 725.9789,
            "p(90)": 57.76225
        },
        "data_received": {
            "count": 46835220,
            "rate": 386887.0315834147
        },
        "http_reqs": {
            "rate": 184.0131319027037,
            "count": 22276
        }
    }
}