{
    "root_group": {
        "name": "",
        "path": "",
        "id": "d41d8cd98f00b204e9800998ecf8427e",
        "groups": {},
        "checks": {}
    },
    "metrics": {
        "http_req_tls_handshaking": {
            "p(99)": 0,
            "avg": 0,
            "med": 0,
            "min": 0,
            "max": 0,
            "p(90)": 0,
            "p(95)": 0
        },
        "vus": {
            "max": 15,
            "value": 15,
            "min": 15
        },
        "iteration_duration": {
            "p(95)": 1118.8989399999998,
            "p(99)": 31061.522392,
            "avg": 1625.2186307630525,
            "med": 1073.928,
            "min": 1061.9995,
            "max": 31070.4362,
            "p(90)": 1093.39152
        },
        "http_req_blocked": {
            "p(90)": 0,
            "p(95)": 0,
            "p(99)": 0.512063,
            "avg": 0.03416060240963855,
            "med": 0,
            "min": 0,
            "max": 9.5853
        },
        "http_req_waiting": {
            "min": 0.504,
            "max": 30000.7201,
            "p(90)": 59.42063000000002,
            "p(95)": 65.933575,
            "p(99)": 123.72480900000023,
            "avg": 156.0164085140561,
            "med": 6.7516
        },
        "http_req_receiving": {
            "p(90)": 0.5049100000000001,
            "p(95)": 0.537,
            "p(99)": 0.6988620000000001,
            "avg": 0.06699692771084342,
            "med": 0,
            "min": 0,
            "max": 1.5171
        },
        "http_reqs": {
            "count": 4980,
            "rate": 36.91445006741375
        },
        "http_req_sending": {
            "p(90)": 0,
            "p(95)": 0,
            "p(99)": 0.5218050000000001,
            "avg": 0.010438172690763052,
            "med": 0,
            "min": 0,
            "max": 1.5088
        },
        "http_req_failed": {
            "passes": 15,
            "fails": 4965,
            "value": 0.0030120481927710845
        },
        "vus_max": {
            "value": 15,
            "min": 15,
            "max": 15
        },
        "data_sent": {
            "count": 1816455,
            "rate": 13464.545662089167
        },
        "http_req_duration{expected_response:true}": {
            "min": 0.504,
            "max": 15362.8366,
            "p(90)": 59.12516,
            "p(95)": 65.33544000000003,
            "p(99)": 97.4924919999998,
            "avg": 65.92993961732122,
            "med": 6.8091
        },
        "http_req_connecting": {
            "p(90)": 0,
            "p(95)": 0,
            "p(99)": 0,
            "avg": 0.0048629718875502015,
            "med": 0,
            "min": 0,
            "max": 1.1994
        },
        "iterations": {
            "count": 1245,
            "rate": 9.228612516853438
        },
        "data_received": {
            "count": 10439640,
            "rate": 77384.25090397095
        },
        "http_req_duration": {
            "med": 6.821899999999999,
            "min": 0.504,
            "max": 30000.7201,
            "p(90)": 59.51363000000001,
            "p(95)": 65.933575,
            "p(99)": 123.72480900000023,
            "avg": 156.09384361445777
        }
    }
}