{
    "root_group": {
        "name": "",
        "path": "",
        "id": "d41d8cd98f00b204e9800998ecf8427e",
        "groups": {},
        "checks": {}
    },
    "metrics": {
        "vus": {
            "value": 15,
            "min": 15,
            "max": 15
        },
        "http_req_duration{expected_response:true}": {
            "max": 320.0408,
            "p(90)": 61.46448,
            "p(95)": 67.05694999999997,
            "p(99)": 86.19516399999996,
            "avg": 20.72549394894894,
            "med": 7.11205,
            "min": 0
        },
        "http_req_receiving": {
            "med": 0,
            "min": 0,
            "max": 1.5407,
            "p(90)": 0.5129100000000001,
            "p(95)": 0.5439,
            "p(99)": 0.7475919999999998,
            "avg": 0.07657965465465467
        },
        "iteration_duration": {
            "min": 1062.3505,
            "max": 1383.6411,
            "p(90)": 1095.53496,
            "p(95)": 1103.86032,
            "p(99)": 1339.8641799999998,
            "avg": 1083.7521073873866,
            "med": 1076.4818
        },
        "http_req_duration": {
            "p(90)": 61.46448,
            "p(95)": 67.05694999999997,
            "p(99)": 86.19516399999996,
            "avg": 20.72549394894894,
            "med": 7.11205,
            "min": 0,
            "max": 320.0408
        },
        "data_received": {
            "count": 14002650,
            "rate": 116329.3629386077
        },
        "http_req_sending": {
            "p(95)": 0,
            "p(99)": 0.5351,
            "avg": 0.011766591591591586,
            "med": 0,
            "min": 0,
            "max": 1.5152,
            "p(90)": 0
        },
        "iterations": {
            "count": 1665,
            "rate": 13.832266699002103
        },
        "http_req_connecting": {
            "p(95)": 0,
            "p(99)": 0,
            "avg": 0.0027543543543543537,
            "med": 0,
            "min": 0,
            "max": 1.5251,
            "p(90)": 0
        },
        "http_req_failed": {
            "passes": 0,
            "fails": 6660,
            "value": 0
        },
        "http_req_blocked": {
            "p(99)": 0,
            "avg": 0.026574144144144145,
            "med": 0,
            "min": 0,
            "max": 11.3943,
            "p(90)": 0,
            "p(95)": 0
        },
        "http_req_waiting": {
            "p(99)": 86.19516399999996,
            "avg": 20.637147702702716,
            "med": 7.0150500000000005,
            "min": 0,
            "max": 319.4719,
            "p(90)": 61.37582000000001,
            "p(95)": 66.92842999999999
        },
        "data_sent": {
            "count": 2429235,
            "rate": 20181.27711384407
        },
        "http_reqs": {
            "count": 6660,
            "rate": 55.32906679600841
        },
        "http_req_tls_handshaking": {
            "p(90)": 0,
            "p(95)": 0,
            "p(99)": 0,
            "avg": 0,
            "med": 0,
            "min": 0,
            "max": 0
        },
        "vus_max": {
            "value": 15,
            "min": 15,
            "max": 15
        }
    }
}