{
    "metrics": {
        "data_sent": {
            "count": 809745,
            "rate": 6733.2507776948505
        },
        "http_req_blocked": {
            "avg": 0.0263568018018018,
            "med": 0,
            "min": 0,
            "max": 10.7107,
            "p(90)": 0,
            "p(95)": 0,
            "p(99)": 0
        },
        "http_req_receiving": {
            "avg": 0.09048518018018012,
            "med": 0,
            "min": 0,
            "max": 1.8382,
            "p(90)": 0.5158100000000001,
            "p(95)": 0.5582149999999999,
            "p(99)": 0.7852309999999997
        },
        "iterations": {
            "count": 555,
            "rate": 4.614976543999212
        },
        "http_reqs": {
            "count": 2220,
            "rate": 18.45990617599685
        },
        "http_req_duration{expected_response:true}": {
            "p(95)": 68.27757999999994,
            "p(99)": 85.93704599999995,
            "avg": 20.530772567567578,
            "med": 7.819699999999999,
            "min": 0.5103,
            "max": 129.9657,
            "p(90)": 61.06682
        },
        "http_req_sending": {
            "p(99)": 0.522624,
            "avg": 0.011029594594594596,
            "med": 0,
            "min": 0,
            "max": 0.9871,
            "p(90)": 0,
            "p(95)": 0
        },
        "http_req_waiting": {
            "med": 7.687150000000001,
            "min": 0.5103,
            "max": 129.3957,
            "p(90)": 60.97252,
            "p(95)": 68.19569499999999,
            "p(99)": 85.93704599999995,
            "avg": 20.429257792792797
        },
        "http_req_tls_handshaking": {
            "p(95)": 0,
            "p(99)": 0,
            "avg": 0,
            "med": 0,
            "min": 0,
            "max": 0,
            "p(90)": 0
        },
        "http_req_failed": {
            "passes": 0,
            "fails": 2220,
            "value": 0
        },
        "vus_max": {
            "value": 5,
            "min": 5,
            "max": 5
        },
        "data_received": {
            "count": 4667550,
            "rate": 38811.952735033374
        },
        "vus": {
            "value": 5,
            "min": 5,
            "max": 5
        },
        "iteration_duration": {
            "med": 1079.1712,
            "min": 1066.4797,
            "max": 1216.9997,
            "p(90)": 1099.29008,
            "p(95)": 1106.0509,
            "p(99)": 1164.617824000001,
            "avg": 1083.126474054053
        },
        "http_req_duration": {
            "p(90)": 61.06682,
            "p(95)": 68.27757999999994,
            "p(99)": 85.93704599999995,
            "avg": 20.530772567567578,
            "med": 7.819699999999999,
            "min": 0.5103,
            "max": 129.9657
        },
        "http_req_connecting": {
            "max": 1.0384,
            "p(90)": 0,
            "p(95)": 0,
            "p(99)": 0,
            "avg": 0.002338738738738739,
            "med": 0,
            "min": 0
        }
    },
    "root_group": {
        "groups": {},
        "checks": {},
        "name": "",
        "path": "",
        "id": "d41d8cd98f00b204e9800998ecf8427e"
    }
}