{
    "root_group": {
        "path": "",
        "id": "d41d8cd98f00b204e9800998ecf8427e",
        "groups": {},
        "checks": {},
        "name": ""
    },
    "metrics": {
        "vus_max": {
            "value": 1,
            "min": 1,
            "max": 1
        },
        "data_sent": {
            "count": 163408,
            "rate": 1358.0364153066737
        },
        "data_received": {
            "count": 941920,
            "rate": 7828.02347685341
        },
        "http_req_duration": {
            "p(95)": 60.67053999999999,
            "p(99)": 70.78359399999998,
            "avg": 18.380973437499993,
            "med": 6.910299999999999,
            "min": 0.6335,
            "max": 94.6544,
            "p(90)": 56.82241
        },
        "http_req_receiving": {
            "p(90)": 0.54622,
            "p(95)": 0.64563,
            "p(99)": 0.931661999999998,
            "avg": 0.11869308035714286,
            "med": 0,
            "min": 0,
            "max": 1.4874
        },
        "vus": {
            "value": 1,
            "min": 1,
            "max": 1
        },
        "http_req_sending": {
            "p(95)": 0,
            "p(99)": 0.5090359999999999,
            "avg": 0.009465178571428572,
            "med": 0,
            "min": 0,
            "max": 0.5924,
            "p(90)": 0
        },
        "iterations": {
            "count": 112,
            "rate": 0.9307994621704412
        },
        "http_req_blocked": {
            "min": 0,
            "max": 10.9917,
            "p(90)": 0,
            "p(95)": 0,
            "p(99)": 0,
            "avg": 0.0271453125,
            "med": 0
        },
        "http_reqs": {
            "count": 448,
            "rate": 3.7231978486817647
        },
        "http_req_tls_handshaking": {
            "min": 0,
            "max": 0,
            "p(90)": 0,
            "p(95)": 0,
            "p(99)": 0,
            "avg": 0,
            "med": 0
        },
        "http_req_waiting": {
            "max": 94.6544,
            "p(90)": 56.70003,
            "p(95)": 60.36608,
            "p(99)": 70.78359399999998,
            "avg": 18.252815178571428,
            "med": 6.7938,
            "min": 0.5092
        },
        "http_req_duration{expected_response:true}": {
            "min": 0.6335,
            "max": 94.6544,
            "p(90)": 56.82241,
            "p(95)": 60.67053999999999,
            "p(99)": 70.78359399999998,
            "avg": 18.380973437499993,
            "med": 6.910299999999999
        },
        "iteration_duration": {
            "med": 1070.8658,
            "min": 1063.9415,
            "max": 1194.8891,
            "p(90)": 1085.35211,
            "p(95)": 1092.002735,
            "p(99)": 1106.694121,
            "avg": 1074.3452705357147
        },
        "http_req_connecting": {
            "med": 0,
            "min": 0,
            "max": 0.6399,
            "p(90)": 0,
            "p(95)": 0,
            "p(99)": 0,
            "avg": 0.0014283482142857142
        },
        "http_req_failed": {
            "passes": 0,
            "fails": 448,
            "value": 0
        }
    }
}