{
    "root_group": {
        "name": "",
        "path": "",
        "id": "d41d8cd98f00b204e9800998ecf8427e",
        "groups": {},
        "checks": {}
    },
    "metrics": {
        "http_req_blocked": {
            "p(90)": 0,
            "p(95)": 0,
            "p(99)": 0,
            "avg": 0.024583705357142854,
            "med": 0,
            "min": 0,
            "max": 10.16
        },
        "iterations": {
            "rate": 9.255891502829874,
            "count": 1120
        },
        "http_req_waiting": {
            "min": 0,
            "max": 183.8043,
            "p(90)": 59.263259999999995,
            "p(95)": 64.33591,
            "p(99)": 82.25277800000002,
            "avg": 19.418853035714328,
            "med": 6.815799999999999
        },
        "http_reqs": {
            "count": 4480,
            "rate": 37.023566011319495
        },
        "http_req_connecting": {
            "p(99)": 0,
            "avg": 0.0021155357142857143,
            "med": 0,
            "min": 0,
            "max": 1.0518,
            "p(90)": 0,
            "p(95)": 0
        },
        "iteration_duration": {
            "p(95)": 1097.31009,
            "p(99)": 1148.7694169999988,
            "avg": 1078.8836214285686,
            "med": 1074.72555,
            "min": 1061.6626,
            "max": 1284.4206,
            "p(90)": 1091.62833
        },
        "http_req_tls_handshaking": {
            "max": 0,
            "p(90)": 0,
            "p(95)": 0,
            "p(99)": 0,
            "avg": 0,
            "med": 0,
            "min": 0
        },
        "vus": {
            "value": 2,
            "min": 2,
            "max": 10
        },
        "http_req_sending": {
            "p(90)": 0,
            "p(95)": 0,
            "p(99)": 0.5339470000000001,
            "avg": 0.012461093749999996,
            "med": 0,
            "min": 0,
            "max": 1.7785
        },
        "http_req_receiving": {
            "med": 0,
            "min": 0,
            "max": 6.7597,
            "p(90)": 0.5092,
            "p(95)": 0.5493150000000001,
            "p(99)": 0.755963,
            "avg": 0.07506959821428565
        },
        "data_received": {
            "count": 9419200,
            "rate": 77842.04753879923
        },
        "data_sent": {
            "rate": 13504.345702628785,
            "count": 1634080
        },
        "http_req_failed": {
            "passes": 0,
            "fails": 4480,
            "value": 0
        },
        "vus_max": {
            "value": 10,
            "min": 10,
            "max": 10
        },
        "http_req_duration": {
            "p(90)": 59.30231,
            "p(95)": 64.34845000000003,
            "p(99)": 82.25277800000002,
            "avg": 19.506383727678582,
            "med": 6.923349999999999,
            "min": 0.5085,
            "max": 183.8043
        },
        "http_req_duration{expected_response:true}": {
            "p(90)": 59.30231,
            "p(95)": 64.34845000000003,
            "p(99)": 82.25277800000002,
            "avg": 19.506383727678582,
            "med": 6.923349999999999,
            "min": 0.5085,
            "max": 183.8043
        }
    }
}