{
    "root_group": {
        "name": "",
        "path": "",
        "id": "d41d8cd98f00b204e9800998ecf8427e",
        "groups": {},
        "checks": {}
    },
    "metrics": {
        "http_req_waiting": {
            "avg": 17.67277142857142,
            "med": 6.29185,
            "min": 0.6878,
            "max": 157.428,
            "p(90)": 54.62739,
            "p(95)": 57.20836499999999,
            "p(99)": 67.97934099999998
        },
        "vus": {
            "min": 1,
            "max": 1,
            "value": 1
        },
        "iteration_duration": {
            "p(95)": 1089.2879149999999,
            "p(99)": 1098.643511,
            "avg": 1072.128827678571,
            "med": 1068.28165,
            "min": 1060.607,
            "max": 1258.6941,
            "p(90)": 1082.0373499999998
        },
        "http_req_blocked": {
            "min": 0,
            "max": 12.9837,
            "p(90)": 0,
            "p(95)": 0,
            "p(99)": 0.5076849999999998,
            "avg": 0.036060714285714286,
            "med": 0
        },
        "http_req_connecting": {
            "p(99)": 0,
            "avg": 0.001125892857142857,
            "med": 0,
            "min": 0,
            "max": 0.5044,
            "p(90)": 0,
            "p(95)": 0
        },
        "vus_max": {
            "max": 1,
            "value": 1,
            "min": 1
        },
        "data_received": {
            "count": 941920,
            "rate": 7844.206575631181
        },
        "http_req_receiving": {
            "avg": 0.10170691964285712,
            "med": 0,
            "min": 0,
            "max": 0.9365,
            "p(90)": 0.52029,
            "p(95)": 0.6129499999999999,
            "p(99)": 0.7500489999999996
        },
        "http_req_sending": {
            "p(90)": 0,
            "p(95)": 0,
            "p(99)": 0,
            "avg": 0.0050426339285714284,
            "med": 0,
            "min": 0,
            "max": 0.6233
        },
        "http_req_failed": {
            "passes": 0,
            "fails": 448,
            "value": 0
        },
        "http_req_duration": {
            "p(90)": 54.685069999999996,
            "p(95)": 57.45157999999999,
            "p(99)": 68.23262799999996,
            "avg": 17.779520982142856,
            "med": 6.41755,
            "min": 0.6878,
            "max": 157.428
        },
        "data_sent": {
            "count": 163408,
            "rate": 1360.8439231683583
        },
        "iterations": {
            "count": 112,
            "rate": 0.9327237307528159
        },
        "http_reqs": {
            "rate": 3.7308949230112636,
            "count": 448
        },
        "http_req_tls_handshaking": {
            "p(95)": 0,
            "p(99)": 0,
            "avg": 0,
            "med": 0,
            "min": 0,
            "max": 0,
            "p(90)": 0
        },
        "http_req_duration{expected_response:true}": {
            "avg": 17.779520982142856,
            "med": 6.41755,
            "min": 0.6878,
            "max": 157.428,
            "p(90)": 54.685069999999996,
            "p(95)": 57.45157999999999,
            "p(99)": 68.23262799999996
        }
    }
}