{
    "metrics": {
        "http_req_waiting": {
            "p(90)": 58.20318,
            "p(95)": 63.63888999999998,
            "p(99)": 84.99165599999998,
            "avg": 19.3578642633928,
            "med": 6.855449999999999,
            "min": 0.5045,
            "max": 304.4177
        },
        "data_sent": {
            "count": 3268160,
            "rate": 27017.312209823223
        },
        "data_received": {
            "rate": 155733.70464126964,
            "count": 18838390
        },
        "http_req_duration{expected_response:true}": {
            "avg": 19.442318962053523,
            "med": 6.9251000000000005,
            "min": 0.5074,
            "max": 304.4177,
            "p(90)": 58.315560000000005,
            "p(95)": 63.83412999999994,
            "p(99)": 85.05848599999996
        },
        "http_req_failed": {
            "passes": 0,
            "fails": 8960,
            "value": 0
        },
        "http_req_blocked": {
            "avg": 0.027425100446428576,
            "med": 0,
            "min": 0,
            "max": 11.0406,
            "p(90)": 0,
            "p(95)": 0,
            "p(99)": 0
        },
        "http_reqs": {
            "count": 8960,
            "rate": 74.07076685352494
        },
        "http_req_duration": {
            "avg": 19.442318962053523,
            "med": 6.9251000000000005,
            "min": 0.5074,
            "max": 304.4177,
            "p(90)": 58.315560000000005,
            "p(95)": 63.83412999999994,
            "p(99)": 85.05848599999996
        },
        "iterations": {
            "count": 2240,
            "rate": 18.517691713381236
        },
        "http_req_connecting": {
            "avg": 0.003728337053571429,
            "med": 0,
            "min": 0,
            "max": 1.6187,
            "p(90)": 0,
            "p(95)": 0,
            "p(99)": 0
        },
        "http_req_tls_handshaking": {
            "avg": 0,
            "med": 0,
            "min": 0,
            "max": 0,
            "p(90)": 0,
            "p(95)": 0,
            "p(99)": 0
        },
        "iteration_duration": {
            "med": 1073.3077,
            "min": 1060.2958,
            "max": 1343.5964,
            "p(90)": 1089.2224,
            "p(95)": 1102.605825,
            "p(99)": 1208.2724870000004,
            "avg": 1078.5879766517849
        },
        "http_req_receiving": {
            "max": 6.0687,
            "p(90)": 0.51012,
            "p(95)": 0.5397049999999999,
            "p(99)": 0.7148459999999999,
            "avg": 0.07201970982142863,
            "med": 0,
            "min": 0
        },
        "http_req_sending": {
            "p(95)": 0,
            "p(99)": 0.5322559999999997,
            "avg": 0.012434988839285708,
            "med": 0,
            "min": 0,
            "max": 5.8719,
            "p(90)": 0
        },
        "vus": {
            "value": 20,
            "min": 20,
            "max": 20
        },
        "vus_max": {
            "value": 20,
            "min": 20,
            "max": 20
        }
    },
    "root_group": {
        "name": "",
        "path": "",
        "id": "d41d8cd98f00b204e9800998ecf8427e",
        "groups": {},
        "checks": {}
    }
}