{
    "root_group": {
        "groups": {},
        "checks": {},
        "name": "",
        "path": "",
        "id": "d41d8cd98f00b204e9800998ecf8427e"
    },
    "metrics": {
        "iterations": {
            "count": 559,
            "rate": 4.617127913780636
        },
        "data_received": {
            "count": 4701190,
            "rate": 38830.045754895145
        },
        "http_req_blocked": {
            "med": 0,
            "min": 0,
            "max": 10.9277,
            "p(90)": 0,
            "p(95)": 0,
            "p(99)": 0,
            "avg": 0.02666914132379249
        },
        "vus": {
            "value": 4,
            "min": 4,
            "max": 5
        },
        "vus_max": {
            "value": 5,
            "min": 5,
            "max": 5
        },
        "http_req_waiting": {
            "p(90)": 61.23965,
            "p(95)": 67.29935,
            "p(99)": 81.12870000000007,
            "avg": 19.944809212880134,
            "med": 7.055400000000001,
            "min": 0.5209,
            "max": 127.856
        },
        "http_reqs": {
            "count": 2236,
            "rate": 18.468511655122544
        },
        "iteration_duration": {
            "min": 1064.0433,
            "max": 1247.4517,
            "p(90)": 1094.0379400000002,
            "p(95)": 1099.9941000000001,
            "p(99)": 1176.0898959999997,
            "avg": 1081.0409386404283,
            "med": 1076.5893
        },
        "http_req_connecting": {
            "min": 0,
            "max": 1.0533,
            "p(90)": 0,
            "p(95)": 0,
            "p(99)": 0,
            "avg": 0.0023553220035778173,
            "med": 0
        },
        "data_sent": {
            "count": 815581,
            "rate": 6736.389626205948
        },
        "http_req_tls_handshaking": {
            "p(99)": 0,
            "avg": 0,
            "med": 0,
            "min": 0,
            "max": 0,
            "p(90)": 0,
            "p(95)": 0
        },
        "http_req_duration": {
            "p(90)": 61.4209,
            "p(95)": 67.52205000000001,
            "p(99)": 81.12870000000007,
            "avg": 20.046811493738822,
            "med": 7.11345,
            "min": 0.5209,
            "max": 128.3601
        },
        "http_req_duration{expected_response:true}": {
            "avg": 20.046811493738822,
            "med": 7.11345,
            "min": 0.5209,
            "max": 128.3601,
            "p(90)": 61.4209,
            "p(95)": 67.52205000000001,
            "p(99)": 81.12870000000007
        },
        "http_req_receiving": {
            "p(95)": 0.578475,
            "p(99)": 0.78602,
            "avg": 0.09066999105545613,
            "med": 0,
            "min": 0,
            "max": 1.5774,
            "p(90)": 0.51705
        },
        "http_req_failed": {
            "passes": 0,
            "fails": 2236,
            "value": 0
        },
        "http_req_sending": {
            "avg": 0.011332289803220034,
            "med": 0,
            "min": 0,
            "max": 1.0874,
            "p(90)": 0,
            "p(95)": 0,
            "p(99)": 0.5363950000000001
        }
    }
}