{
    "root_group": {
        "name": "",
        "path": "",
        "id": "d41d8cd98f00b204e9800998ecf8427e",
        "groups": {},
        "checks": {}
    },
    "metrics": {
        "http_reqs": {
            "count": 8900,
            "rate": 73.6568919821944
        },
        "http_req_tls_handshaking": {
            "avg": 0,
            "med": 0,
            "min": 0,
            "max": 0,
            "p(90)": 0,
            "p(95)": 0,
            "p(99)": 0
        },
        "data_received": {
            "count": 18712250,
            "rate": 154863.6153925637
        },
        "iterations": {
            "rate": 18.4142229955486,
            "count": 2225
        },
        "http_req_connecting": {
            "min": 0,
            "max": 2.8475,
            "p(90)": 0,
            "p(95)": 0,
            "p(99)": 0,
            "avg": 0.004280314606741573,
            "med": 0
        },
        "vus": {
            "min": 20,
            "max": 20,
            "value": 20
        },
        "vus_max": {
            "value": 20,
            "min": 20,
            "max": 20
        },
        "http_req_receiving": {
            "p(90)": 0.5095,
            "p(95)": 0.5379099999999999,
            "p(99)": 0.7298430000000009,
            "avg": 0.07241370786516853,
            "med": 0,
            "min": 0,
            "max": 1.9087
        },
        "data_sent": {
            "count": 3246275,
            "rate": 26866.351350505403
        },
        "http_req_duration": {
            "avg": 20.163924943820184,
            "med": 7.52425,
            "min": 0.5033,
            "max": 310.1703,
            "p(90)": 59.24449,
            "p(95)": 65.59209999999999,
            "p(99)": 86.03019500000005
        },
        "http_req_blocked": {
            "med": 0,
            "min": 0,
            "max": 10.4361,
            "p(90)": 0,
            "p(95)": 0,
            "p(99)": 0,
            "avg": 0.02413947191011236
        },
        "http_req_failed": {
            "passes": 0,
            "fails": 8900,
            "value": 0
        },
        "http_req_sending": {
            "avg": 0.011021280898876414,
            "med": 0,
            "min": 0,
            "max": 1.3662,
            "p(90)": 0,
            "p(95)": 0,
            "p(99)": 0.5364120000000002
        },
        "http_req_duration{expected_response:true}": {
            "p(95)": 65.59209999999999,
            "p(99)": 86.03019500000005,
            "avg": 20.163924943820184,
            "med": 7.52425,
            "min": 0.5033,
            "max": 310.1703,
            "p(90)": 59.24449
        },
        "iteration_duration": {
            "p(95)": 1103.22468,
            "p(99)": 1224.72526,
            "avg": 1081.4785613483155,
            "med": 1075.8413,
            "min": 1059.5017,
            "max": 1362.7034,
            "p(90)": 1093.03388
        },
        "http_req_waiting": {
            "min": 0.5033,
            "max": 309.6062,
            "p(90)": 59.18385,
            "p(95)": 65.53824999999996,
            "p(99)": 85.93177100000003,
            "avg": 20.080489955056095,
            "med": 7.4749
        }
    }
}