{
    "metrics": {
        "http_req_blocked": {
            "avg": 0.026288811659192824,
            "med": 0,
            "min": 0,
            "max": 10.2389,
            "p(90)": 0,
            "p(95)": 0,
            "p(99)": 0
        },
        "http_req_waiting": {
            "min": 0.5099,
            "max": 215.9173,
            "p(90)": 59.739329999999995,
            "p(95)": 65.485785,
            "p(99)": 86.00618199999998,
            "avg": 20.11752165919283,
            "med": 7.40585
        },
        "vus": {
            "value": 5,
            "min": 5,
            "max": 10
        },
        "iterations": {
            "count": 1115,
            "rate": 9.209847745423737
        },
        "http_req_tls_handshaking": {
            "max": 0,
            "p(90)": 0,
            "p(95)": 0,
            "p(99)": 0,
            "avg": 0,
            "med": 0,
            "min": 0
        },
        "http_req_sending": {
            "avg": 0.012716547085201792,
            "med": 0,
            "min": 0,
            "max": 1.4531,
            "p(90)": 0,
            "p(95)": 0,
            "p(99)": 0.5391459999999999
        },
        "data_received": {
            "count": 9377150,
            "rate": 77454.81953901362
        },
        "http_req_connecting": {
            "max": 2.1883,
            "p(90)": 0,
            "p(95)": 0,
            "p(99)": 0,
            "avg": 0.0035799327354260084,
            "med": 0,
            "min": 0
        },
        "iteration_duration": {
            "p(90)": 1098.00318,
            "p(95)": 1107.25111,
            "p(99)": 1152.3082159999997,
            "avg": 1081.7113946188344,
            "med": 1076.6713,
            "min": 1061.1342,
            "max": 1281.8585
        },
        "http_req_duration{expected_response:true}": {
            "min": 0.5099,
            "max": 215.9173,
            "p(90)": 59.80805,
            "p(95)": 65.54088,
            "p(99)": 86.25764399999994,
            "avg": 20.213100986547083,
            "med": 7.49725
        },
        "vus_max": {
            "max": 10,
            "value": 10,
            "min": 10
        },
        "http_req_receiving": {
            "p(95)": 0.5583150000000001,
            "p(99)": 0.7682329999999998,
            "avg": 0.08286278026905834,
            "med": 0,
            "min": 0,
            "max": 2.3649,
            "p(90)": 0.51681
        },
        "http_req_failed": {
            "fails": 4460,
            "passes": 0,
            "value": 0
        },
        "data_sent": {
            "count": 1626785,
            "rate": 13437.167860573232
        },
        "http_reqs": {
            "count": 4460,
            "rate": 36.83939098169495
        },
        "http_req_duration": {
            "avg": 20.213100986547083,
            "med": 7.49725,
            "min": 0.5099,
            "max": 215.9173,
            "p(90)": 59.80805,
            "p(95)": 65.54088,
            "p(99)": 86.25764399999994
        }
    },
    "root_group": {
        "name": "",
        "path": "",
        "id": "d41d8cd98f00b204e9800998ecf8427e",
        "groups": {},
        "checks": {}
    }
}