{
    "root_group": {
        "path": "",
        "id": "d41d8cd98f00b204e9800998ecf8427e",
        "groups": {},
        "checks": {},
        "name": ""
    },
    "metrics": {
        "http_req_duration{expected_response:true}": {
            "avg": 20.535981488978866,
            "med": 7.4186,
            "min": 0,
            "max": 321.0399,
            "p(90)": 61.28741,
            "p(95)": 69.10538,
            "p(99)": 90.070068
        },
        "http_req_blocked": {
            "p(95)": 0,
            "p(99)": 0,
            "avg": 0.02521190958164643,
            "med": 0,
            "min": 0,
            "max": 10.1937,
            "p(90)": 0
        },
        "http_req_receiving": {
            "p(99)": 0.760536,
            "avg": 0.08368181511470986,
            "med": 0,
            "min": 0,
            "max": 6.0765,
            "p(90)": 0.5151600000000002,
            "p(95)": 0.5510799999999996
        },
        "http_req_waiting": {
            "min": 0,
            "max": 321.0399,
            "p(90)": 61.09947000000001,
            "p(95)": 69.03030999999999,
            "p(99)": 89.57442400000005,
            "avg": 20.44052912730547,
            "med": 7.342650000000001
        },
        "iteration_duration": {
            "avg": 1082.9922489428743,
            "med": 1077.0351,
            "min": 1061.6708,
            "max": 1365.7244,
            "p(90)": 1100.9602599999998,
            "p(95)": 1110.59216,
            "p(99)": 1192.625592
        },
        "http_req_duration": {
            "avg": 20.535981488978866,
            "med": 7.4186,
            "min": 0,
            "max": 321.0399,
            "p(90)": 61.28741,
            "p(95)": 69.10538,
            "p(99)": 90.070068
        },
        "http_reqs": {
            "count": 8892,
            "rate": 73.44918398010289
        },
        "http_req_connecting": {
            "avg": 0.0032229419703103915,
            "med": 0,
            "min": 0,
            "max": 1.5367,
            "p(90)": 0,
            "p(95)": 0,
            "p(99)": 0
        },
        "vus": {
            "value": 2,
            "min": 2,
            "max": 20
        },
        "http_req_sending": {
            "p(99)": 0.535209,
            "avg": 0.011770546558704449,
            "med": 0,
            "min": 0,
            "max": 1.5171,
            "p(90)": 0,
            "p(95)": 0
        },
        "vus_max": {
            "min": 20,
            "max": 20,
            "value": 20
        },
        "data_sent": {
            "count": 3243357,
            "rate": 26790.58985674253
        },
        "iterations": {
            "count": 2223,
            "rate": 18.362295995025722
        },
        "http_req_tls_handshaking": {
            "avg": 0,
            "med": 0,
            "min": 0,
            "max": 0,
            "p(90)": 0,
            "p(95)": 0,
            "p(99)": 0
        },
        "data_received": {
            "count": 18695430,
            "rate": 154426.90931816632
        },
        "http_req_failed": {
            "passes": 0,
            "fails": 8892,
            "value": 0
        }
    }
}