{
    "metrics": {
        "http_req_sending": {
            "med": 0,
            "min": 0,
            "max": 1.5115,
            "p(90)": 0,
            "p(95)": 0,
            "p(99)": 0.5381319999999999,
            "avg": 0.012651769646070786
        },
        "http_req_duration": {
            "min": 0.5093,
            "max": 265.2152,
            "p(90)": 60.51089,
            "p(95)": 67.28937499999998,
            "p(99)": 84.64200699999994,
            "avg": 20.223045650869818,
            "med": 7.4273
        },
        "vus": {
            "value": 2,
            "min": 2,
            "max": 15
        },
        "http_reqs": {
            "count": 6668,
            "rate": 55.0804556945205
        },
        "http_req_waiting": {
            "avg": 20.124027729454088,
            "med": 7.37075,
            "min": 0.5093,
            "max": 264.7068,
            "p(90)": 60.360569999999996,
            "p(95)": 67.10895999999998,
            "p(99)": 84.64200699999994
        },
        "iteration_duration": {
            "avg": 1081.74500179964,
            "med": 1076.7256,
            "min": 1063.0015,
            "max": 1330.9562,
            "p(90)": 1096.74984,
            "p(95)": 1105.33845,
            "p(99)": 1179.859942
        },
        "http_req_tls_handshaking": {
            "p(99)": 0,
            "avg": 0,
            "med": 0,
            "min": 0,
            "max": 0,
            "p(90)": 0,
            "p(95)": 0
        },
        "data_sent": {
            "count": 2432153,
            "rate": 20090.59621457635
        },
        "http_req_duration{expected_response:true}": {
            "med": 7.4273,
            "min": 0.5093,
            "max": 265.2152,
            "p(90)": 60.51089,
            "p(95)": 67.28937499999998,
            "p(99)": 84.64200699999994,
            "avg": 20.223045650869818
        },
        "http_req_blocked": {
            "min": 0,
            "max": 10.7847,
            "p(90)": 0,
            "p(95)": 0,
            "p(99)": 0,
            "avg": 0.0273237552489502,
            "med": 0
        },
        "http_req_connecting": {
            "avg": 0.003386697660467907,
            "med": 0,
            "min": 0,
            "max": 1.5055,
            "p(90)": 0,
            "p(95)": 0,
            "p(99)": 0
        },
        "iterations": {
            "rate": 13.770113923630126,
            "count": 1667
        },
        "http_req_receiving": {
            "med": 0,
            "min": 0,
            "max": 2.2318,
            "p(90)": 0.5177,
            "p(95)": 0.554265,
            "p(99)": 0.7536909999999998,
            "avg": 0.08636615176964603
        },
        "http_req_failed": {
            "passes": 0,
            "fails": 6668,
            "value": 0
        },
        "vus_max": {
            "min": 15,
            "max": 15,
            "value": 15
        },
        "data_received": {
            "rate": 115806.65809772935,
            "count": 14019470
        }
    },
    "root_group": {
        "id": "d41d8cd98f00b204e9800998ecf8427e",
        "groups": {},
        "checks": {},
        "name": "",
        "path": ""
    }
}