{
    "root_group": {
        "name": "",
        "path": "",
        "id": "d41d8cd98f00b204e9800998ecf8427e",
        "groups": {},
        "checks": {}
    },
    "metrics": {
        "vus_max": {
            "value": 5,
            "min": 5,
            "max": 5
        },
        "http_req_failed": {
            "passes": 0,
            "fails": 2240,
            "value": 0
        },
        "http_req_waiting": {
            "max": 133.1274,
            "p(90)": 59.287150000000004,
            "p(95)": 65.93591499999998,
            "p(99)": 84.68437500000027,
            "avg": 19.79976888392856,
            "med": 7.36695,
            "min": 0.5064
        },
        "http_req_sending": {
            "p(90)": 0,
            "p(95)": 0,
            "p(99)": 0.531061,
            "avg": 0.012199330357142853,
            "med": 0,
            "min": 0,
            "max": 1.108
        },
        "iterations": {
            "count": 560,
            "rate": 4.626342535999106
        },
        "http_req_connecting": {
            "max": 0.518,
            "p(90)": 0,
            "p(95)": 0,
            "p(99)": 0,
            "avg": 0.00115625,
            "med": 0,
            "min": 0
        },
        "http_req_duration{expected_response:true}": {
            "p(95)": 66.03538,
            "p(99)": 84.68437500000027,
            "avg": 19.895276607142854,
            "med": 7.4367,
            "min": 0.5064,
            "max": 133.1274,
            "p(90)": 59.30544
        },
        "vus": {
            "value": 5,
            "min": 5,
            "max": 5
        },
        "http_req_blocked": {
            "p(99)": 0,
            "avg": 0.025316294642857146,
            "med": 0,
            "min": 0,
            "max": 10.606,
            "p(90)": 0,
            "p(95)": 0
        },
        "iteration_duration": {
            "avg": 1080.5403776785706,
            "med": 1076.06405,
            "min": 1064.2067,
            "max": 1258.3605,
            "p(90)": 1098.81141,
            "p(95)": 1106.38605,
            "p(99)": 1127.6006179999995
        },
        "http_req_duration": {
            "p(99)": 84.68437500000027,
            "avg": 19.895276607142854,
            "med": 7.4367,
            "min": 0.5064,
            "max": 133.1274,
            "p(90)": 59.30544,
            "p(95)": 66.03538
        },
        "http_req_receiving": {
            "avg": 0.08330839285714277,
            "med": 0,
            "min": 0,
            "max": 1.5881,
            "p(90)": 0.50941,
            "p(95)": 0.5624,
            "p(99)": 0.7773970000000022
        },
        "data_sent": {
            "count": 817040,
            "rate": 6749.833760022695
        },
        "http_reqs": {
            "count": 2240,
            "rate": 18.505370143996423
        },
        "http_req_tls_handshaking": {
            "med": 0,
            "min": 0,
            "max": 0,
            "p(90)": 0,
            "p(95)": 0,
            "p(99)": 0,
            "avg": 0
        },
        "data_received": {
            "rate": 38907.54072775248,
            "count": 4709600
        }
    }
}