{
    "root_group": {
        "checks": {},
        "name": "",
        "path": "",
        "id": "d41d8cd98f00b204e9800998ecf8427e",
        "groups": {}
    },
    "metrics": {
        "http_req_duration{expected_response:true}": {
            "max": 742.9291,
            "p(90)": 61.43287,
            "p(95)": 70.31846000000002,
            "p(99)": 118.3655840000011,
            "avg": 21.91575789544963,
            "med": 7.50995,
            "min": 0.5027
        },
        "vus": {
            "value": 50,
            "min": 50,
            "max": 50
        },
        "iteration_duration": {
            "max": 1773.064,
            "p(90)": 1112.14921,
            "p(95)": 1141.02682,
            "p(99)": 1262.112861,
            "avg": 1088.5214585229314,
            "med": 1076.78715,
            "min": 1060.9692
        },
        "http_reqs": {
            "count": 22152,
            "rate": 183.1162627893188
        },
        "http_req_failed": {
            "passes": 0,
            "fails": 22152,
            "value": 0
        },
        "http_req_duration": {
            "max": 742.9291,
            "p(90)": 61.43287,
            "p(95)": 70.31846000000002,
            "p(99)": 118.3655840000011,
            "avg": 21.91575789544963,
            "med": 7.50995,
            "min": 0.5027
        },
        "http_req_receiving": {
            "p(95)": 0.545645,
            "p(99)": 0.7509430000000011,
            "avg": 0.0810929306608887,
            "med": 0,
            "min": 0,
            "max": 3.5496,
            "p(90)": 0.5154
        },
        "data_sent": {
            "rate": 66791.65685240403,
            "count": 8079942
        },
        "data_received": {
            "count": 46574525,
            "rate": 385001.4878651001
        },
        "http_req_connecting": {
            "med": 0,
            "min": 0,
            "max": 4.4217,
            "p(90)": 0,
            "p(95)": 0,
            "p(99)": 0,
            "avg": 0.005890921812928855
        },
        "http_req_sending": {
            "p(99)": 0.5309470000000005,
            "avg": 0.01100321415673528,
            "med": 0,
            "min": 0,
            "max": 1.8541,
            "p(90)": 0,
            "p(95)": 0
        },
        "http_req_blocked": {
            "p(99)": 0,
            "avg": 0.028286881545684366,
            "med": 0,
            "min": 0,
            "max": 12.9997,
            "p(90)": 0,
            "p(95)": 0
        },
        "vus_max": {
            "value": 50,
            "min": 50,
            "max": 50
        },
        "iterations": {
            "count": 5538,
            "rate": 45.7790656973297
        },
        "http_req_tls_handshaking": {
            "min": 0,
            "max": 0,
            "p(90)": 0,
            "p(95)": 0,
            "p(99)": 0,
            "avg": 0,
            "med": 0
        },
        "http_req_waiting": {
            "avg": 21.82366175063203,
            "med": 7.453200000000001,
            "min": 0.5027,
            "max": 742.9291,
            "p(90)": 61.32647,
            "p(95)": 70.21986000000001,
            "p(99)": 118.18086900000058
        }
    }
}