{
    "root_group": {
        "id": "d41d8cd98f00b204e9800998ecf8427e",
        "groups": {},
        "checks": {},
        "name": "",
        "path": ""
    },
    "metrics": {
        "http_reqs": {
            "count": 16032,
            "rate": 132.5417388213217
        },
        "http_req_sending": {
            "p(99)": 0.5316760000000003,
            "avg": 0.01138170533932136,
            "med": 0,
            "min": 0,
            "max": 1.5135,
            "p(90)": 0,
            "p(95)": 0
        },
        "iterations": {
            "count": 4008,
            "rate": 33.135434705330425
        },
        "http_req_blocked": {
            "avg": 0.04064418662674648,
            "med": 0,
            "min": 0,
            "max": 13.8969,
            "p(90)": 0,
            "p(95)": 0,
            "p(99)": 0
        },
        "http_req_duration{expected_response:true}": {
            "med": 7.998,
            "min": 0,
            "max": 28155.978,
            "p(90)": 62.87678,
            "p(95)": 78.62369999999994,
            "p(99)": 440.51632100000074,
            "avg": 125.63636154565806
        },
        "http_req_tls_handshaking": {
            "avg": 0,
            "med": 0,
            "min": 0,
            "max": 0,
            "p(90)": 0,
            "p(95)": 0,
            "p(99)": 0
        },
        "vus": {
            "min": 50,
            "max": 50,
            "value": 50
        },
        "vus_max": {
            "value": 50,
            "min": 50,
            "max": 50
        },
        "http_req_failed": {
            "fails": 16032,
            "passes": 0,
            "value": 0
        },
        "data_received": {
            "count": 33707270,
            "rate": 278668.92319858854
        },
        "http_req_duration": {
            "max": 28155.978,
            "p(90)": 62.87678,
            "p(95)": 78.62369999999994,
            "p(99)": 440.51632100000074,
            "avg": 125.63636154565806,
            "med": 7.998,
            "min": 0
        },
        "http_req_waiting": {
            "avg": 125.55214655688631,
            "med": 7.9111,
            "min": 0,
            "max": 28155.978,
            "p(90)": 62.82496,
            "p(95)": 78.55640499999998,
            "p(99)": 440.4442150000009
        },
        "data_sent": {
            "count": 5847672,
            "rate": 48344.59923507708
        },
        "http_req_connecting": {
            "avg": 0.00825744760479042,
            "med": 0,
            "min": 0,
            "max": 4.0501,
            "p(90)": 0,
            "p(95)": 0,
            "p(99)": 0
        },
        "http_req_receiving": {
            "p(90)": 0.5113,
            "p(95)": 0.5393449999999999,
            "p(99)": 0.7097210000000004,
            "avg": 0.07283328343313387,
            "med": 0,
            "min": 0,
            "max": 2.2641
        },
        "iteration_duration": {
            "p(95)": 1167.9102299999988,
            "p(99)": 29368.853407,
            "avg": 1503.4233224051914,
            "med": 1078.19,
            "min": 1061.3467,
            "max": 29428.711,
            "p(90)": 1123.43356
        }
    }
}