{
    "root_group": {
        "path": "",
        "id": "d41d8cd98f00b204e9800998ecf8427e",
        "groups": {},
        "checks": {},
        "name": ""
    },
    "metrics": {
        "http_reqs": {
            "count": 4480,
            "rate": 37.06620313791091
        },
        "http_req_waiting": {
            "avg": 19.3413998883928,
            "med": 6.9678,
            "min": 0.5058,
            "max": 199.5682,
            "p(90)": 58.23236,
            "p(95)": 62.800605000000004,
            "p(99)": 84.70894600000001
        },
        "http_req_duration": {
            "med": 7.0482499999999995,
            "min": 0.5173,
            "max": 199.5682,
            "p(90)": 58.263949999999994,
            "p(95)": 62.89199000000004,
            "p(99)": 84.722407,
            "avg": 19.435884821428516
        },
        "http_req_duration{expected_response:true}": {
            "avg": 19.435884821428516,
            "med": 7.0482499999999995,
            "min": 0.5173,
            "max": 199.5682,
            "p(90)": 58.263949999999994,
            "p(95)": 62.89199000000004,
            "p(99)": 84.722407
        },
        "http_req_tls_handshaking": {
            "p(90)": 0,
            "p(95)": 0,
            "p(99)": 0,
            "avg": 0,
            "med": 0,
            "min": 0,
            "max": 0
        },
        "data_received": {
            "count": 9419200,
            "rate": 77931.6920974577
        },
        "http_req_connecting": {
            "med": 0,
            "min": 0,
            "max": 1.4116,
            "p(90)": 0,
            "p(95)": 0,
            "p(99)": 0,
            "avg": 0.002445758928571428
        },
        "http_req_sending": {
            "p(99)": 0.528694,
            "avg": 0.011005691964285717,
            "med": 0,
            "min": 0,
            "max": 1.0108,
            "p(90)": 0,
            "p(95)": 0
        },
        "vus_max": {
            "value": 10,
            "min": 10,
            "max": 10
        },
        "iteration_duration": {
            "avg": 1078.567672232141,
            "med": 1074.1488,
            "min": 1060.8117,
            "max": 1284.5058,
            "p(90)": 1090.9961700000001,
            "p(95)": 1102.68973,
            "p(99)": 1157.9365209999987
        },
        "iterations": {
            "count": 1120,
            "rate": 9.266550784477728
        },
        "vus": {
            "value": 10,
            "min": 10,
            "max": 10
        },
        "http_req_blocked": {
            "p(90)": 0,
            "p(95)": 0,
            "p(99)": 0,
            "avg": 0.026404553571428565,
            "med": 0,
            "min": 0,
            "max": 10.7571
        },
        "http_req_receiving": {
            "max": 5.3324,
            "p(90)": 0.5144,
            "p(95)": 0.55522,
            "p(99)": 0.7559310000000001,
            "avg": 0.08347924107142869,
            "med": 0,
            "min": 0
        },
        "data_sent": {
            "count": 1634080,
            "rate": 13519.897594553004
        },
        "http_req_failed": {
            "passes": 0,
            "fails": 4480,
            "value": 0
        }
    }
}