{
    "root_group": {
        "id": "d41d8cd98f00b204e9800998ecf8427e",
        "groups": {},
        "checks": {},
        "name": "",
        "path": ""
    },
    "metrics": {
        "http_req_receiving": {
            "p(90)": 0.505,
            "p(95)": 0.5565249999999996,
            "p(99)": 0.7904660000000003,
            "avg": 0.07988645514223194,
            "med": 0,
            "min": 0,
            "max": 1.7614
        },
        "http_req_duration": {
            "med": 11.24085,
            "min": 4.2011,
            "max": 119.1714,
            "p(90)": 19.79017,
            "p(95)": 26.077339999999978,
            "p(99)": 59.499464000000174,
            "avg": 13.427190054704676
        },
        "http_req_duration{expected_response:true}": {
            "min": 4.2011,
            "max": 119.1714,
            "p(90)": 19.79017,
            "p(95)": 26.077339999999978,
            "p(99)": 59.499464000000174,
            "avg": 13.427190054704676,
            "med": 11.24085
        },
        "http_req_failed": {
            "fails": 9140,
            "passes": 0,
            "value": 0
        },
        "http_req_blocked": {
            "max": 8.9625,
            "p(90)": 0,
            "p(95)": 0,
            "p(99)": 0,
            "avg": 0.020549037199124737,
            "med": 0,
            "min": 0
        },
        "iteration_duration": {
            "min": 1028.3286,
            "max": 1355.8417,
            "p(90)": 1070.17232,
            "p(95)": 1104.50912,
            "p(99)": 1237.768984,
            "avg": 1054.487497111599,
            "med": 1046.5545
        },
        "http_reqs": {
            "count": 9140,
            "rate": 75.52209022089184
        },
        "http_req_connecting": {
            "avg": 0.0017386433260393865,
            "med": 0,
            "min": 0,
            "max": 1.1068,
            "p(90)": 0,
            "p(95)": 0,
            "p(99)": 0
        },
        "vus_max": {
            "min": 20,
            "max": 20,
            "value": 20
        },
        "http_req_sending": {
            "avg": 0.007852308533916849,
            "med": 0,
            "min": 0,
            "max": 1.3827,
            "p(90)": 0,
            "p(95)": 0,
            "p(99)": 0.5108
        },
        "data_sent": {
            "count": 2988780,
            "rate": 24695.72350223163
        },
        "data_received": {
            "count": 6171785,
            "rate": 50996.29142165722
        },
        "iterations": {
            "count": 2285,
            "rate": 18.88052255522296
        },
        "http_req_tls_handshaking": {
            "med": 0,
            "min": 0,
            "max": 0,
            "p(90)": 0,
            "p(95)": 0,
            "p(99)": 0,
            "avg": 0
        },
        "http_req_waiting": {
            "avg": 13.339451291028533,
            "med": 11.1499,
            "min": 4.2011,
            "max": 119.1714,
            "p(90)": 19.650850000000005,
            "p(95)": 26.010514999999998,
            "p(99)": 59.44358800000012
        },
        "vus": {
            "min": 1,
            "max": 20,
            "value": 1
        }
    }
}