{
    "metrics": {
        "data_received": {
            "count": 4643019,
            "rate": 38364.41940021869
        },
        "vus": {
            "max": 15,
            "value": 2,
            "min": 2
        },
        "http_req_receiving": {
            "p(95)": 0.57065,
            "p(99)": 0.867175,
            "avg": 0.09254320826061652,
            "med": 0,
            "min": 0,
            "max": 4.0956,
            "p(90)": 0.51385
        },
        "http_req_blocked": {
            "p(90)": 0,
            "p(95)": 0,
            "p(99)": 0,
            "avg": 0.022315779522978467,
            "med": 0,
            "min": 0,
            "max": 9.86
        },
        "http_req_duration{expected_response:true}": {
            "p(95)": 25.776799999999998,
            "p(99)": 43.887600000000006,
            "avg": 12.671787812681814,
            "med": 10.77285,
            "min": 4.2598,
            "max": 104.2814,
            "p(90)": 19.120449999999998
        },
        "http_req_sending": {
            "p(99)": 0.518375,
            "avg": 0.00887962478184991,
            "med": 0,
            "min": 0,
            "max": 0.9576,
            "p(90)": 0,
            "p(95)": 0
        },
        "http_req_failed": {
            "fails": 6876,
            "passes": 0,
            "value": 0
        },
        "iteration_duration": {
            "avg": 1051.507701977895,
            "med": 1044.3258,
            "min": 1028.0125,
            "max": 1257.6723,
            "p(90)": 1069.9736,
            "p(95)": 1096.94789,
            "p(99)": 1167.7267
        },
        "iterations": {
            "count": 1719,
            "rate": 14.203783561724801
        },
        "http_req_duration": {
            "p(95)": 25.776799999999998,
            "p(99)": 43.887600000000006,
            "avg": 12.671787812681814,
            "med": 10.77285,
            "min": 4.2598,
            "max": 104.2814,
            "p(90)": 19.120449999999998
        },
        "http_req_connecting": {
            "p(99)": 0,
            "avg": 0.0025741273996509593,
            "med": 0,
            "min": 0,
            "max": 2.1009,
            "p(90)": 0,
            "p(95)": 0
        },
        "http_req_tls_handshaking": {
            "max": 0,
            "p(90)": 0,
            "p(95)": 0,
            "p(99)": 0,
            "avg": 0,
            "med": 0,
            "min": 0
        },
        "http_req_waiting": {
            "min": 4.1396,
            "max": 104.2814,
            "p(90)": 18.9835,
            "p(95)": 25.623075,
            "p(99)": 43.855525,
            "avg": 12.570364979639342,
            "med": 10.640699999999999
        },
        "data_sent": {
            "count": 2248452,
            "rate": 18578.54889873604
        },
        "http_reqs": {
            "count": 6876,
            "rate": 56.815134246899206
        },
        "vus_max": {
            "value": 15,
            "min": 15,
            "max": 15
        }
    },
    "root_group": {
        "name": "",
        "path": "",
        "id": "d41d8cd98f00b204e9800998ecf8427e",
        "groups": {},
        "checks": {}
    }
}