{
    "root_group": {
        "checks": {},
        "name": "",
        "path": "",
        "id": "d41d8cd98f00b204e9800998ecf8427e",
        "groups": {}
    },
    "metrics": {
        "http_req_waiting": {
            "p(99)": 53.081530999999984,
            "avg": 16.77032069781195,
            "med": 14.39695,
            "min": 4.8886,
            "max": 98.8969,
            "p(90)": 26.446759999999998,
            "p(95)": 33.18038999999999
        },
        "data_received": {
            "count": 4567391,
            "rate": 37778.2554434422
        },
        "data_sent": {
            "count": 2211828,
            "rate": 18294.69015920859
        },
        "http_req_failed": {
            "passes": 0,
            "fails": 6764,
            "value": 0
        },
        "vus_max": {
            "value": 15,
            "min": 15,
            "max": 15
        },
        "http_req_connecting": {
            "max": 1.0195,
            "p(90)": 0,
            "p(95)": 0,
            "p(99)": 0,
            "avg": 0.0016308545239503256,
            "med": 0,
            "min": 0
        },
        "http_req_tls_handshaking": {
            "p(99)": 0,
            "avg": 0,
            "med": 0,
            "min": 0,
            "max": 0,
            "p(90)": 0,
            "p(95)": 0
        },
        "vus": {
            "value": 15,
            "min": 15,
            "max": 15
        },
        "iterations": {
            "count": 1691,
            "rate": 13.986766176764977
        },
        "http_req_sending": {
            "avg": 0.008396984033116492,
            "med": 0,
            "min": 0,
            "max": 1.0157,
            "p(90)": 0,
            "p(95)": 0,
            "p(99)": 0.507974
        },
        "http_req_duration{expected_response:true}": {
            "med": 14.4465,
            "min": 4.8886,
            "max": 98.8969,
            "p(90)": 26.536519999999996,
            "p(95)": 33.349305,
            "p(99)": 53.34378699999991,
            "avg": 16.85848743347132
        },
        "iteration_duration": {
            "p(99)": 1175.9924099999998,
            "avg": 1068.242541159079,
            "med": 1061.8978,
            "min": 1030.3423,
            "max": 1259.4952,
            "p(90)": 1093.0514,
            "p(95)": 1131.4693
        },
        "http_req_receiving": {
            "med": 0,
            "min": 0,
            "max": 1.7148,
            "p(90)": 0.50507,
            "p(95)": 0.5735849999999999,
            "p(99)": 0.8212019999999995,
            "avg": 0.07976975162625662
        },
        "http_reqs": {
            "count": 6764,
            "rate": 55.94706470705991
        },
        "http_req_duration": {
            "avg": 16.85848743347132,
            "med": 14.4465,
            "min": 4.8886,
            "max": 98.8969,
            "p(90)": 26.536519999999996,
            "p(95)": 33.349305,
            "p(99)": 53.34378699999991
        },
        "http_req_blocked": {
            "p(99)": 0,
            "avg": 0.02384961561206386,
            "med": 0,
            "min": 0,
            "max": 11.0332,
            "p(90)": 0,
            "p(95)": 0
        }
    }
}