{
    "metrics": {
        "http_req_tls_handshaking": {
            "avg": 0,
            "med": 0,
            "min": 0,
            "max": 0,
            "p(90)": 0,
            "p(95)": 0,
            "p(99)": 0
        },
        "iterations": {
            "count": 575,
            "rate": 4.757632242667985
        },
        "http_req_duration{expected_response:true}": {
            "med": 10.7439,
            "min": 4.3453,
            "max": 67.2522,
            "p(90)": 18.279039999999995,
            "p(95)": 23.062489999999983,
            "p(99)": 35.68006599999997,
            "avg": 12.094934521739157
        },
        "http_reqs": {
            "rate": 19.03052897067194,
            "count": 2300
        },
        "data_sent": {
            "count": 752100,
            "rate": 6222.982973409725
        },
        "http_req_blocked": {
            "p(95)": 0,
            "p(99)": 0,
            "avg": 0.028108043478260868,
            "med": 0,
            "min": 0,
            "max": 11.7421,
            "p(90)": 0
        },
        "http_req_failed": {
            "fails": 2300,
            "passes": 0,
            "value": 0
        },
        "http_req_receiving": {
            "p(95)": 0.5729349999999998,
            "p(99)": 0.8345789999999982,
            "avg": 0.08760113043478263,
            "med": 0,
            "min": 0,
            "max": 3.124,
            "p(90)": 0.5075099999999999
        },
        "http_req_duration": {
            "avg": 12.094934521739157,
            "med": 10.7439,
            "min": 4.3453,
            "max": 67.2522,
            "p(90)": 18.279039999999995,
            "p(95)": 23.062489999999983,
            "p(99)": 35.68006599999997
        },
        "vus_max": {
            "value": 5,
            "min": 5,
            "max": 5
        },
        "vus": {
            "max": 5,
            "value": 5,
            "min": 5
        },
        "http_req_waiting": {
            "avg": 11.99440434782611,
            "med": 10.64395,
            "min": 3.5521,
            "max": 67.2522,
            "p(90)": 18.18426,
            "p(95)": 22.950654999999994,
            "p(99)": 35.68006599999997
        },
        "http_req_sending": {
            "avg": 0.012929043478260871,
            "med": 0,
            "min": 0,
            "max": 6.3075,
            "p(90)": 0,
            "p(95)": 0,
            "p(99)": 0.5153499999999988
        },
        "http_req_connecting": {
            "max": 1.0598,
            "p(90)": 0,
            "p(95)": 0,
            "p(99)": 0,
            "avg": 0.0023039130434782612,
            "med": 0,
            "min": 0
        },
        "data_received": {
            "count": 1553075,
            "rate": 12850.364687446228
        },
        "iteration_duration": {
            "med": 1044.2275,
            "min": 1028.171,
            "max": 1155.5972,
            "p(90)": 1066.17192,
            "p(95)": 1089.5074499999998,
            "p(99)": 1124.382822,
            "avg": 1049.2454471304352
        }
    },
    "root_group": {
        "name": "",
        "path": "",
        "id": "d41d8cd98f00b204e9800998ecf8427e",
        "groups": {},
        "checks": {}
    }
}