{
    "metrics": {
        "iteration_duration": {
            "avg": 1051.8093428073244,
            "med": 1045.6557,
            "min": 1027.882,
            "max": 1153.5235,
            "p(90)": 1074.38262,
            "p(95)": 1097.28782,
            "p(99)": 1132.1424679999998
        },
        "http_reqs": {
            "count": 4588,
            "rate": 37.92573141072899
        },
        "http_req_waiting": {
            "p(95)": 24.947784999999996,
            "p(99)": 41.38306200000011,
            "avg": 12.65959574978206,
            "med": 11.172049999999999,
            "min": 4.3206,
            "max": 62.4015,
            "p(90)": 19.58964
        },
        "http_req_tls_handshaking": {
            "p(99)": 0,
            "avg": 0,
            "med": 0,
            "min": 0,
            "max": 0,
            "p(90)": 0,
            "p(95)": 0
        },
        "http_req_failed": {
            "passes": 0,
            "fails": 4588,
            "value": 0
        },
        "http_req_duration": {
            "min": 4.3206,
            "max": 62.4015,
            "p(90)": 19.698330000000002,
            "p(95)": 24.996715,
            "p(99)": 41.892186000000045,
            "avg": 12.75236615082828,
            "med": 11.2624
        },
        "http_req_duration{expected_response:true}": {
            "avg": 12.75236615082828,
            "med": 11.2624,
            "min": 4.3206,
            "max": 62.4015,
            "p(90)": 19.698330000000002,
            "p(95)": 24.996715,
            "p(99)": 41.892186000000045
        },
        "vus_max": {
            "value": 10,
            "min": 10,
            "max": 10
        },
        "data_received": {
            "rate": 25609.350135094755,
            "count": 3098047
        },
        "iterations": {
            "rate": 9.481432852682248,
            "count": 1147
        },
        "vus": {
            "max": 10,
            "value": 10,
            "min": 10
        },
        "http_req_sending": {
            "p(90)": 0,
            "p(95)": 0,
            "p(99)": 0.5177520000000001,
            "avg": 0.009446795989537925,
            "med": 0,
            "min": 0,
            "max": 1.0082
        },
        "data_sent": {
            "count": 1500276,
            "rate": 12401.714171308382
        },
        "http_req_blocked": {
            "p(95)": 0,
            "p(99)": 0,
            "avg": 0.024142088055797734,
            "med": 0,
            "min": 0,
            "max": 10.2073,
            "p(90)": 0
        },
        "http_req_receiving": {
            "p(99)": 0.8118640000000004,
            "avg": 0.08332360505666953,
            "med": 0,
            "min": 0,
            "max": 1.5312,
            "p(90)": 0.50563,
            "p(95)": 0.5619899999999998
        },
        "http_req_connecting": {
            "avg": 0.001181996512641674,
            "med": 0,
            "min": 0,
            "max": 0.5423,
            "p(90)": 0,
            "p(95)": 0,
            "p(99)": 0
        }
    },
    "root_group": {
        "name": "",
        "path": "",
        "id": "d41d8cd98f00b204e9800998ecf8427e",
        "groups": {},
        "checks": {}
    }
}