{
    "root_group": {
        "name": "",
        "path": "",
        "id": "d41d8cd98f00b204e9800998ecf8427e",
        "groups": {},
        "checks": {}
    },
    "metrics": {
        "http_req_waiting": {
            "max": 52.2387,
            "p(90)": 22.10091,
            "p(95)": 26.44964,
            "p(99)": 36.20745800000002,
            "avg": 13.78319162280701,
            "med": 12.241,
            "min": 4.2006
        },
        "http_reqs": {
            "count": 2280,
            "rate": 18.91324502388065
        },
        "data_received": {
            "count": 1539570,
            "rate": 12771.168702375408
        },
        "iterations": {
            "count": 570,
            "rate": 4.728311255970162
        },
        "http_req_failed": {
            "passes": 0,
            "fails": 2280,
            "value": 0
        },
        "http_req_duration{expected_response:true}": {
            "min": 4.2006,
            "max": 52.2387,
            "p(90)": 22.13978,
            "p(95)": 26.457224999999983,
            "p(99)": 36.55449500000002,
            "avg": 13.874044692982455,
            "med": 12.325600000000001
        },
        "http_req_duration": {
            "avg": 13.874044692982455,
            "med": 12.325600000000001,
            "min": 4.2006,
            "max": 52.2387,
            "p(90)": 22.13978,
            "p(95)": 26.457224999999983,
            "p(99)": 36.55449500000002
        },
        "http_req_connecting": {
            "avg": 0.001207894736842105,
            "med": 0,
            "min": 0,
            "max": 0.5508,
            "p(90)": 0,
            "p(95)": 0,
            "p(99)": 0
        },
        "vus": {
            "max": 5,
            "value": 5,
            "min": 5
        },
        "data_sent": {
            "count": 745560,
            "rate": 6184.631122808972
        },
        "vus_max": {
            "value": 5,
            "min": 5,
            "max": 5
        },
        "iteration_duration": {
            "p(95)": 1097.098675,
            "p(99)": 1114.3129529999999,
            "avg": 1056.342916666667,
            "med": 1051.5348,
            "min": 1028.8243,
            "max": 1128.0659,
            "p(90)": 1078.6301
        },
        "http_req_tls_handshaking": {
            "med": 0,
            "min": 0,
            "max": 0,
            "p(90)": 0,
            "p(95)": 0,
            "p(99)": 0,
            "avg": 0
        },
        "http_req_receiving": {
            "med": 0,
            "min": 0,
            "max": 1.5131,
            "p(90)": 0.5046200000000001,
            "p(95)": 0.5654899999999995,
            "p(99)": 0.8493400000000005,
            "avg": 0.08113640350877191
        },
        "http_req_sending": {
            "avg": 0.009716666666666665,
            "med": 0,
            "min": 0,
            "max": 0.8132,
            "p(90)": 0,
            "p(95)": 0,
            "p(99)": 0.5193
        },
        "http_req_blocked": {
            "p(99)": 0,
            "avg": 0.023978640350877198,
            "med": 0,
            "min": 0,
            "max": 9.8818,
            "p(90)": 0,
            "p(95)": 0
        }
    }
}