{
    "metrics": {
        "http_req_sending": {
            "max": 1.0006,
            "p(90)": 0,
            "p(95)": 0,
            "p(99)": 0.20577899999998403,
            "avg": 0.006918043478260869,
            "med": 0,
            "min": 0
        },
        "http_req_duration{expected_response:true}": {
            "med": 10.985,
            "min": 4.3775,
            "max": 73.8276,
            "p(90)": 18.866870000000002,
            "p(95)": 23.989779999999975,
            "p(99)": 50.77386899999986,
            "avg": 12.73794369565217
        },
        "http_req_receiving": {
            "avg": 0.08603369565217392,
            "med": 0,
            "min": 0,
            "max": 1.1029,
            "p(90)": 0.50613,
            "p(95)": 0.54718,
            "p(99)": 0.821139999999998
        },
        "http_req_blocked": {
            "med": 0,
            "min": 0,
            "max": 11.8619,
            "p(90)": 0,
            "p(95)": 0,
            "p(99)": 0,
            "avg": 0.026887391304347825
        },
        "vus": {
            "value": 1,
            "min": 1,
            "max": 1
        },
        "http_reqs": {
            "count": 460,
            "rate": 3.802558646318484
        },
        "http_req_failed": {
            "passes": 0,
            "fails": 460,
            "value": 0
        },
        "http_req_connecting": {
            "max": 1.358,
            "p(90)": 0,
            "p(95)": 0,
            "p(99)": 0,
            "avg": 0.0029521739130434783,
            "med": 0,
            "min": 0
        },
        "vus_max": {
            "value": 1,
            "min": 1,
            "max": 1
        },
        "iteration_duration": {
            "avg": 1051.9232895652174,
            "med": 1045.9263,
            "min": 1028.5113,
            "max": 1220.8897,
            "p(90)": 1071.01502,
            "p(95)": 1081.68049,
            "p(99)": 1188.33152
        },
        "iterations": {
            "count": 115,
            "rate": 0.950639661579621
        },
        "http_req_duration": {
            "med": 10.985,
            "min": 4.3775,
            "max": 73.8276,
            "p(90)": 18.866870000000002,
            "p(95)": 23.989779999999975,
            "p(99)": 50.77386899999986,
            "avg": 12.73794369565217
        },
        "data_sent": {
            "count": 150420,
            "rate": 1243.4366773461443
        },
        "http_req_tls_handshaking": {
            "p(95)": 0,
            "p(99)": 0,
            "avg": 0,
            "med": 0,
            "min": 0,
            "max": 0,
            "p(90)": 0
        },
        "data_received": {
            "count": 310615,
            "rate": 2567.6777259265564
        },
        "http_req_waiting": {
            "avg": 12.644991956521727,
            "med": 10.9245,
            "min": 4.3775,
            "max": 73.305,
            "p(90)": 18.803340000000002,
            "p(95)": 23.94032,
            "p(99)": 50.77386899999986
        }
    },
    "root_group": {
        "id": "d41d8cd98f00b204e9800998ecf8427e",
        "groups": {},
        "checks": {},
        "name": "",
        "path": ""
    }
}