{
    "metrics": {
        "http_req_tls_handshaking": {
            "max": 0,
            "p(90)": 0,
            "p(95)": 0,
            "p(99)": 0,
            "avg": 0,
            "med": 0,
            "min": 0
        },
        "http_req_waiting": {
            "avg": 12.991589857767945,
            "med": 10.8362,
            "min": 3.588,
            "max": 129.1956,
            "p(90)": 19.07664,
            "p(95)": 26.272574999999968,
            "p(99)": 56.60436600000005
        },
        "vus": {
            "value": 2,
            "min": 2,
            "max": 20
        },
        "iteration_duration": {
            "p(90)": 1068.87692,
            "p(95)": 1095.2639199999999,
            "p(99)": 1202.077568,
            "avg": 1053.183808358866,
            "med": 1045.5327,
            "min": 1024.4907,
            "max": 1366.7831
        },
        "http_reqs": {
            "rate": 75.51419170508925,
            "count": 9140
        },
        "http_req_failed": {
            "passes": 0,
            "fails": 9140,
            "value": 0
        },
        "data_sent": {
            "count": 2988780,
            "rate": 24693.140687564184
        },
        "http_req_sending": {
            "avg": 0.010363938730853386,
            "med": 0,
            "min": 0,
            "max": 1.5208,
            "p(90)": 0,
            "p(95)": 0,
            "p(99)": 0.5351100000000005
        },
        "data_received": {
            "rate": 50990.95794886151,
            "count": 6171785
        },
        "http_req_duration{expected_response:true}": {
            "p(90)": 19.17454,
            "p(95)": 26.50558499999998,
            "p(99)": 57.01137700000036,
            "avg": 13.088127691465985,
            "med": 10.9438,
            "min": 4.1765,
            "max": 129.1956
        },
        "vus_max": {
            "value": 20,
            "min": 20,
            "max": 20
        },
        "http_req_duration": {
            "avg": 13.088127691465985,
            "med": 10.9438,
            "min": 4.1765,
            "max": 129.1956,
            "p(90)": 19.17454,
            "p(95)": 26.50558499999998,
            "p(99)": 57.01137700000036
        },
        "http_req_connecting": {
            "avg": 0.002769015317286653,
            "med": 0,
            "min": 0,
            "max": 1.4784,
            "p(90)": 0,
            "p(95)": 0,
            "p(99)": 0
        },
        "iterations": {
            "count": 2285,
            "rate": 18.87854792627231
        },
        "http_req_blocked": {
            "max": 10.9665,
            "p(90)": 0,
            "p(95)": 0,
            "p(99)": 0,
            "avg": 0.026383271334792114,
            "med": 0,
            "min": 0
        },
        "http_req_receiving": {
            "avg": 0.08617389496717723,
            "med": 0,
            "min": 0,
            "max": 1.5507,
            "p(90)": 0.50841,
            "p(95)": 0.5676149999999998,
            "p(99)": 0.835085000000005
        }
    },
    "root_group": {
        "name": "",
        "path": "",
        "id": "d41d8cd98f00b204e9800998ecf8427e",
        "groups": {},
        "checks": {}
    }
}