{
    "metrics": {
        "http_req_tls_handshaking": {
            "min": 0,
            "max": 0,
            "p(90)": 0,
            "p(95)": 0,
            "p(99)": 0,
            "avg": 0,
            "med": 0
        },
        "vus": {
            "value": 10,
            "min": 10,
            "max": 10
        },
        "iterations": {
            "count": 1146,
            "rate": 9.475382727058756
        },
        "http_req_receiving": {
            "min": 0,
            "max": 1.9767,
            "p(90)": 0.5046,
            "p(95)": 0.54887,
            "p(99)": 0.7881210000000002,
            "avg": 0.07826232547993021,
            "med": 0
        },
        "iteration_duration": {
            "p(99)": 1149.049065,
            "avg": 1052.2009046247822,
            "med": 1045.6876499999998,
            "min": 1028.4699,
            "max": 1177.8181,
            "p(90)": 1077.7959999999998,
            "p(95)": 1098.54205
        },
        "http_req_duration": {
            "avg": 12.840612914485154,
            "med": 10.98195,
            "min": 3.5366,
            "max": 58.5408,
            "p(90)": 20.222059999999995,
            "p(95)": 26.26363999999997,
            "p(99)": 43.9545
        },
        "http_req_waiting": {
            "p(99)": 43.9545,
            "avg": 12.753571400523553,
            "med": 10.88315,
            "min": 3.5366,
            "max": 57.8954,
            "p(90)": 20.070779999999992,
            "p(95)": 26.18963499999998
        },
        "http_reqs": {
            "count": 4584,
            "rate": 37.901530908235024
        },
        "http_req_failed": {
            "fails": 4584,
            "passes": 0,
            "value": 0
        },
        "data_sent": {
            "count": 1498968,
            "rate": 12393.800606992852
        },
        "http_req_connecting": {
            "p(99)": 0,
            "avg": 0.0014629799301919722,
            "med": 0,
            "min": 0,
            "max": 1.0322,
            "p(90)": 0,
            "p(95)": 0
        },
        "http_req_duration{expected_response:true}": {
            "med": 10.98195,
            "min": 3.5366,
            "max": 58.5408,
            "p(90)": 20.222059999999995,
            "p(95)": 26.26363999999997,
            "p(99)": 43.9545,
            "avg": 12.840612914485154
        },
        "http_req_sending": {
            "p(99)": 0.517302,
            "avg": 0.008779188481675393,
            "med": 0,
            "min": 0,
            "max": 1.4338,
            "p(90)": 0,
            "p(95)": 0
        },
        "http_req_blocked": {
            "max": 10.3371,
            "p(90)": 0,
            "p(95)": 0,
            "p(99)": 0,
            "avg": 0.024235471204188477,
            "med": 0,
            "min": 0
        },
        "vus_max": {
            "value": 10,
            "min": 10,
            "max": 10
        },
        "data_received": {
            "count": 3095346,
            "rate": 25593.0087457857
        }
    },
    "root_group": {
        "name": "",
        "path": "",
        "id": "d41d8cd98f00b204e9800998ecf8427e",
        "groups": {},
        "checks": {}
    }
}