{
    "root_group": {
        "name": "",
        "path": "",
        "id": "d41d8cd98f00b204e9800998ecf8427e",
        "groups": {},
        "checks": {}
    },
    "metrics": {
        "http_req_connecting": {
            "p(99)": 0,
            "avg": 0.0035125661375661377,
            "med": 0,
            "min": 0,
            "max": 1.9887,
            "p(90)": 0,
            "p(95)": 0
        },
        "http_req_duration": {
            "max": 96.264,
            "p(90)": 25.13557999999999,
            "p(95)": 31.06044999999998,
            "p(99)": 49.00833200000001,
            "avg": 15.54732729276893,
            "med": 13.34385,
            "min": 3.7293
        },
        "http_req_duration{expected_response:true}": {
            "avg": 15.54732729276893,
            "med": 13.34385,
            "min": 3.7293,
            "max": 96.264,
            "p(90)": 25.13557999999999,
            "p(95)": 31.06044999999998,
            "p(99)": 49.00833200000001
        },
        "http_req_tls_handshaking": {
            "avg": 0,
            "med": 0,
            "min": 0,
            "max": 0,
            "p(90)": 0,
            "p(95)": 0,
            "p(99)": 0
        },
        "iterations": {
            "count": 1701,
            "rate": 14.086234594925129
        },
        "http_req_blocked": {
            "p(99)": 0,
            "avg": 0.021951719576719576,
            "med": 0,
            "min": 0,
            "max": 8.5624,
            "p(90)": 0,
            "p(95)": 0
        },
        "iteration_duration": {
            "med": 1056.4227,
            "min": 1028.8977,
            "max": 1254.7772,
            "p(90)": 1092.436,
            "p(95)": 1117.2289,
            "p(99)": 1159.8396,
            "avg": 1063.0130985302776
        },
        "http_req_waiting": {
            "min": 3.7293,
            "max": 96.264,
            "p(90)": 25.07036,
            "p(95)": 31.028769999999987,
            "p(99)": 48.95908800000012,
            "avg": 15.461866504996994,
            "med": 13.242149999999999
        },
        "data_received": {
            "count": 4594401,
            "rate": 38046.919640892775
        },
        "data_sent": {
            "count": 2224908,
            "rate": 18424.79485016207
        },
        "http_req_failed": {
            "passes": 0,
            "fails": 6804,
            "value": 0
        },
        "http_req_sending": {
            "p(99)": 0.5208940000000001,
            "avg": 0.008930055849500292,
            "med": 0,
            "min": 0,
            "max": 1.1892,
            "p(90)": 0,
            "p(95)": 0
        },
        "http_reqs": {
            "count": 6804,
            "rate": 56.344938379700515
        },
        "http_req_receiving": {
            "med": 0,
            "min": 0,
            "max": 1.5129,
            "p(90)": 0.50607,
            "p(95)": 0.5615849999999999,
            "p(99)": 0.7779400000000005,
            "avg": 0.07653073192239862
        },
        "vus": {
            "value": 15,
            "min": 15,
            "max": 15
        },
        "vus_max": {
            "value": 15,
            "min": 15,
            "max": 15
        }
    }
}