{
    "root_group": {
        "name": "",
        "path": "",
        "id": "d41d8cd98f00b204e9800998ecf8427e",
        "groups": {},
        "checks": {}
    },
    "metrics": {
        "iterations": {
            "count": 1142,
            "rate": 9.454455615993123
        },
        "iteration_duration": {
            "avg": 1055.6512090192646,
            "med": 1050.0491499999998,
            "min": 1028.4071,
            "max": 1207.9308,
            "p(90)": 1078.71628,
            "p(95)": 1096.287445,
            "p(99)": 1150.6435379999998
        },
        "http_req_duration": {
            "avg": 13.703360661120845,
            "med": 11.80695,
            "min": 4.4658,
            "max": 159.1,
            "p(90)": 20.846050000000005,
            "p(95)": 25.85396,
            "p(99)": 43.468818999999996
        },
        "vus": {
            "min": 10,
            "max": 10,
            "value": 10
        },
        "http_reqs": {
            "count": 4568,
            "rate": 37.81782246397249
        },
        "data_sent": {
            "count": 1493736,
            "rate": 12366.427945719004
        },
        "http_req_tls_handshaking": {
            "p(95)": 0,
            "p(99)": 0,
            "avg": 0,
            "med": 0,
            "min": 0,
            "max": 0,
            "p(90)": 0
        },
        "http_req_receiving": {
            "min": 0,
            "max": 1.8307,
            "p(90)": 0.5071,
            "p(95)": 0.5539949999999999,
            "p(99)": 0.775588999999999,
            "avg": 0.07804404553415051,
            "med": 0
        },
        "data_received": {
            "count": 3084542,
            "rate": 25536.48461879742
        },
        "vus_max": {
            "value": 10,
            "min": 10,
            "max": 10
        },
        "http_req_sending": {
            "p(90)": 0,
            "p(95)": 0,
            "p(99)": 0.5279629999999998,
            "avg": 0.009461821366024517,
            "med": 0,
            "min": 0,
            "max": 1.8339
        },
        "http_req_blocked": {
            "med": 0,
            "min": 0,
            "max": 10.2254,
            "p(90)": 0,
            "p(95)": 0,
            "p(99)": 0,
            "avg": 0.024235989492119088
        },
        "http_req_failed": {
            "passes": 0,
            "fails": 4568,
            "value": 0
        },
        "http_req_duration{expected_response:true}": {
            "p(99)": 43.468818999999996,
            "avg": 13.703360661120845,
            "med": 11.80695,
            "min": 4.4658,
            "max": 159.1,
            "p(90)": 20.846050000000005,
            "p(95)": 25.85396
        },
        "http_req_waiting": {
            "p(95)": 25.652029999999982,
            "p(99)": 43.468818999999996,
            "avg": 13.615854794220661,
            "med": 11.723600000000001,
            "min": 4.4658,
            "max": 158.2206,
            "p(90)": 20.76141000000001
        },
        "http_req_connecting": {
            "p(90)": 0,
            "p(95)": 0,
            "p(99)": 0,
            "avg": 0.0022576401050788085,
            "med": 0,
            "min": 0,
            "max": 1.0833
        }
    }
}