{
    "root_group": {
        "name": "",
        "path": "",
        "id": "d41d8cd98f00b204e9800998ecf8427e",
        "groups": {},
        "checks": {}
    },
    "metrics": {
        "data_received": {
            "count": 1553075,
            "rate": 12831.638693362454
        },
        "http_reqs": {
            "count": 2300,
            "rate": 19.002797028304265
        },
        "iteration_duration": {
            "p(99)": 1110.8722320000002,
            "avg": 1050.9934970434795,
            "med": 1046.7084,
            "min": 1028.245,
            "max": 1124.4388,
            "p(90)": 1072.9733,
            "p(95)": 1083.7245799999998
        },
        "http_req_blocked": {
            "p(95)": 0,
            "p(99)": 0,
            "avg": 0.029991695652173914,
            "med": 0,
            "min": 0,
            "max": 12.3895,
            "p(90)": 0
        },
        "http_req_sending": {
            "med": 0,
            "min": 0,
            "max": 1.1745,
            "p(90)": 0,
            "p(95)": 0,
            "p(99)": 0.5097,
            "avg": 0.008471304347826088
        },
        "http_req_receiving": {
            "avg": 0.09196191304347821,
            "med": 0,
            "min": 0,
            "max": 2.1143,
            "p(90)": 0.5083099999999999,
            "p(95)": 0.5720149999999994,
            "p(99)": 0.8027359999999991
        },
        "http_req_failed": {
            "fails": 2300,
            "passes": 0,
            "value": 0
        },
        "vus": {
            "value": 3,
            "min": 3,
            "max": 5
        },
        "http_req_tls_handshaking": {
            "p(95)": 0,
            "p(99)": 0,
            "avg": 0,
            "med": 0,
            "min": 0,
            "max": 0,
            "p(90)": 0
        },
        "vus_max": {
            "value": 5,
            "min": 5,
            "max": 5
        },
        "iterations": {
            "count": 575,
            "rate": 4.750699257076066
        },
        "http_req_waiting": {
            "p(90)": 19.21232,
            "p(95)": 23.609634999999983,
            "p(99)": 32.18136099999992,
            "avg": 12.427059826086955,
            "med": 11.15915,
            "min": 4.04,
            "max": 58.4232
        },
        "data_sent": {
            "count": 752100,
            "rate": 6213.914628255495
        },
        "http_req_duration": {
            "avg": 12.527493043478255,
            "med": 11.27165,
            "min": 4.04,
            "max": 58.4232,
            "p(90)": 19.41395,
            "p(95)": 23.609634999999983,
            "p(99)": 32.20086399999992
        },
        "http_req_connecting": {
            "min": 0,
            "max": 0.5787,
            "p(90)": 0,
            "p(95)": 0,
            "p(99)": 0,
            "avg": 0.0012580434782608696,
            "med": 0
        },
        "http_req_duration{expected_response:true}": {
            "min": 4.04,
            "max": 58.4232,
            "p(90)": 19.41395,
            "p(95)": 23.609634999999983,
            "p(99)": 32.20086399999992,
            "avg": 12.527493043478255,
            "med": 11.27165
        }
    }
}