{
    "metrics": {
        "http_req_connecting": {
            "avg": 0.0027432499556501685,
            "med": 0,
            "min": 0,
            "max": 3.4778,
            "p(90)": 0,
            "p(95)": 0,
            "p(99)": 0
        },
        "http_req_waiting": {
            "avg": 17.012634269114766,
            "med": 12.528649999999999,
            "min": 3.8696,
            "max": 400.8397,
            "p(90)": 27.306259999999998,
            "p(95)": 38.77364999999997,
            "p(99)": 108.848514
        },
        "vus_max": {
            "min": 50,
            "max": 50,
            "value": 50
        },
        "iterations": {
            "count": 5637,
            "rate": 46.53460199453941
        },
        "http_reqs": {
            "count": 22548,
            "rate": 186.13840797815763
        },
        "http_req_failed": {
            "passes": 0,
            "fails": 22548,
            "value": 0
        },
        "data_sent": {
            "count": 7373196,
            "rate": 60867.25940885755
        },
        "http_req_duration{expected_response:true}": {
            "p(95)": 38.91294999999996,
            "p(99)": 109.11535299999942,
            "avg": 17.100899108568395,
            "med": 12.6126,
            "min": 3.8696,
            "max": 401.8461,
            "p(90)": 27.394569999999995
        },
        "http_req_blocked": {
            "avg": 0.02443205162320384,
            "med": 0,
            "min": 0,
            "max": 11.648,
            "p(90)": 0,
            "p(95)": 0,
            "p(99)": 0
        },
        "http_req_tls_handshaking": {
            "min": 0,
            "max": 0,
            "p(90)": 0,
            "p(95)": 0,
            "p(99)": 0,
            "avg": 0,
            "med": 0
        },
        "http_req_sending": {
            "avg": 0.009193329785346817,
            "med": 0,
            "min": 0,
            "max": 1.6172,
            "p(90)": 0,
            "p(95)": 0,
            "p(99)": 0.5214059999999997
        },
        "vus": {
            "value": 6,
            "min": 6,
            "max": 50
        },
        "iteration_duration": {
            "p(99)": 1447.9659480000005,
            "avg": 1069.1761570161448,
            "med": 1051.2126,
            "min": 1028.6445,
            "max": 1712.9316,
            "p(90)": 1100.7570400000002,
            "p(95)": 1150.2437799999998
        },
        "http_req_receiving": {
            "avg": 0.07907150966826335,
            "med": 0,
            "min": 0,
            "max": 2.3871,
            "p(90)": 0.507,
            "p(95)": 0.5503,
            "p(99)": 0.7801709999999992
        },
        "data_received": {
            "count": 15225537,
            "rate": 125689.95998725094
        },
        "http_req_duration": {
            "avg": 17.100899108568395,
            "med": 12.6126,
            "min": 3.8696,
            "max": 401.8461,
            "p(90)": 27.394569999999995,
            "p(95)": 38.91294999999996,
            "p(99)": 109.11535299999942
        }
    },
    "root_group": {
        "checks": {},
        "name": "",
        "path": "",
        "id": "d41d8cd98f00b204e9800998ecf8427e",
        "groups": {}
    }
}