{
    "metrics": {
        "http_req_blocked": {
            "p(99)": 0,
            "avg": 0.03034391304347826,
            "med": 0,
            "min": 0,
            "max": 12.4309,
            "p(90)": 0,
            "p(95)": 0
        },
        "iterations": {
            "rate": 0.9565572432804792,
            "count": 115
        },
        "http_req_tls_handshaking": {
            "p(95)": 0,
            "p(99)": 0,
            "avg": 0,
            "med": 0,
            "min": 0,
            "max": 0,
            "p(90)": 0
        },
        "http_req_sending": {
            "avg": 0.021963260869565217,
            "med": 0,
            "min": 0,
            "max": 5.1369,
            "p(90)": 0,
            "p(95)": 0,
            "p(99)": 0.5855529999999985
        },
        "vus_max": {
            "value": 1,
            "min": 1,
            "max": 1
        },
        "http_req_connecting": {
            "p(95)": 0,
            "p(99)": 0,
            "avg": 0.0011408695652173914,
            "med": 0,
            "min": 0,
            "max": 0.5248,
            "p(90)": 0
        },
        "vus": {
            "value": 1,
            "min": 1,
            "max": 1
        },
        "iteration_duration": {
            "p(90)": 1056.77024,
            "p(95)": 1061.88294,
            "p(99)": 1107.703658,
            "avg": 1045.4157417391302,
            "med": 1043.5413,
            "min": 1029.6424,
            "max": 1117.2058
        },
        "http_req_duration": {
            "p(99)": 27.289560999999935,
            "avg": 11.07880521739131,
            "med": 10.3503,
            "min": 4.6071,
            "max": 37.8843,
            "p(90)": 15.59886,
            "p(95)": 18.744114999999997
        },
        "http_req_receiving": {
            "p(99)": 0.9888079999999994,
            "avg": 0.10442586956521735,
            "med": 0,
            "min": 0,
            "max": 2.0885,
            "p(90)": 0.5052600000000002,
            "p(95)": 0.6560799999999993
        },
        "http_req_duration{expected_response:true}": {
            "med": 10.3503,
            "min": 4.6071,
            "max": 37.8843,
            "p(90)": 15.59886,
            "p(95)": 18.744114999999997,
            "p(99)": 27.289560999999935,
            "avg": 11.07880521739131
        },
        "data_sent": {
            "count": 150420,
            "rate": 1251.1768742108668
        },
        "data_received": {
            "count": 310615,
            "rate": 2583.661114100574
        },
        "http_reqs": {
            "count": 460,
            "rate": 3.826228973121917
        },
        "http_req_failed": {
            "passes": 0,
            "fails": 460,
            "value": 0
        },
        "http_req_waiting": {
            "p(95)": 18.56212499999999,
            "p(99)": 27.07767299999995,
            "avg": 10.952416086956523,
            "med": 10.2215,
            "min": 4.6071,
            "max": 37.8843,
            "p(90)": 15.54389
        }
    },
    "root_group": {
        "path": "",
        "id": "d41d8cd98f00b204e9800998ecf8427e",
        "groups": {},
        "checks": {},
        "name": ""
    }
}