{
    "metrics": {
        "http_req_connecting": {
            "avg": 0.004627154174826416,
            "med": 0,
            "min": 0,
            "max": 2.8458,
            "p(90)": 0,
            "p(95)": 0,
            "p(99)": 0
        },
        "iteration_duration": {
            "min": 1026.7741,
            "max": 1941.2733,
            "p(90)": 1107.8046,
            "p(95)": 1159.23978,
            "p(99)": 1421.502692,
            "avg": 1073.1753804521984,
            "med": 1052.2648
        },
        "http_req_duration{expected_response:true}": {
            "avg": 18.07896016556883,
            "med": 12.87605,
            "min": 4.2043,
            "max": 357.7827,
            "p(90)": 28.218029999999995,
            "p(95)": 40.75325499999999,
            "p(99)": 122.60985499999984
        },
        "http_req_sending": {
            "p(95)": 0,
            "p(99)": 0.5325319999999992,
            "avg": 0.010382860067651779,
            "med": 0,
            "min": 0,
            "max": 1.5445,
            "p(90)": 0
        },
        "iterations": {
            "count": 5617,
            "rate": 46.39282366301148
        },
        "http_reqs": {
            "count": 22468,
            "rate": 185.5712946520459
        },
        "http_req_blocked": {
            "p(95)": 0,
            "p(99)": 0,
            "avg": 0.041796483888196574,
            "med": 0,
            "min": 0,
            "max": 20.2282,
            "p(90)": 0
        },
        "data_sent": {
            "count": 7347036,
            "rate": 60681.81335121901
        },
        "data_received": {
            "count": 15171517,
            "rate": 125307.016713794
        },
        "vus": {
            "min": 6,
            "max": 50,
            "value": 6
        },
        "http_req_duration": {
            "min": 4.2043,
            "max": 357.7827,
            "p(90)": 28.218029999999995,
            "p(95)": 40.75325499999999,
            "p(99)": 122.60985499999984,
            "avg": 18.07896016556883,
            "med": 12.87605
        },
        "http_req_receiving": {
            "p(90)": 0.5125299999999999,
            "p(95)": 0.5563649999999998,
            "p(99)": 0.7628649999999991,
            "avg": 0.08275332917927739,
            "med": 0,
            "min": 0,
            "max": 4.4435
        },
        "http_req_failed": {
            "passes": 0,
            "fails": 22468,
            "value": 0
        },
        "vus_max": {
            "value": 50,
            "min": 50,
            "max": 50
        },
        "http_req_waiting": {
            "p(99)": 122.5483309999999,
            "avg": 17.98582397632194,
            "med": 12.7918,
            "min": 4.2043,
            "max": 357.7827,
            "p(90)": 28.111369999999994,
            "p(95)": 40.54174499999998
        },
        "http_req_tls_handshaking": {
            "p(90)": 0,
            "p(95)": 0,
            "p(99)": 0,
            "avg": 0,
            "med": 0,
            "min": 0,
            "max": 0
        }
    },
    "root_group": {
        "name": "",
        "path": "",
        "id": "d41d8cd98f00b204e9800998ecf8427e",
        "groups": {},
        "checks": {}
    }
}