{
    "metrics": {
        "iteration_duration": {
            "avg": 1048.189193913044,
            "med": 1043.0468,
            "min": 1031.3656,
            "max": 1160.2949,
            "p(90)": 1062.89896,
            "p(95)": 1079.29729,
            "p(99)": 1141.127952
        },
        "http_req_tls_handshaking": {
            "avg": 0,
            "med": 0,
            "min": 0,
            "max": 0,
            "p(90)": 0,
            "p(95)": 0,
            "p(99)": 0
        },
        "http_req_failed": {
            "passes": 0,
            "fails": 460,
            "value": 0
        },
        "vus_max": {
            "value": 1,
            "min": 1,
            "max": 1
        },
        "data_received": {
            "count": 310615,
            "rate": 2576.824885893712
        },
        "http_req_sending": {
            "p(90)": 0,
            "p(95)": 0,
            "p(99)": 0.20635299999998397,
            "avg": 0.005667391304347826,
            "med": 0,
            "min": 0,
            "max": 0.544
        },
        "http_req_duration": {
            "p(95)": 23.21842,
            "p(99)": 40.11626199999995,
            "avg": 11.80913152173913,
            "med": 10.42695,
            "min": 5.0395,
            "max": 66.0384,
            "p(90)": 17.12843
        },
        "http_req_connecting": {
            "med": 0,
            "min": 0,
            "max": 0.5361,
            "p(90)": 0,
            "p(95)": 0,
            "p(99)": 0,
            "avg": 0.0011654347826086956
        },
        "data_sent": {
            "count": 150420,
            "rate": 1247.8663275634858
        },
        "iterations": {
            "rate": 0.9540262443145916,
            "count": 115
        },
        "http_req_duration{expected_response:true}": {
            "max": 66.0384,
            "p(90)": 17.12843,
            "p(95)": 23.21842,
            "p(99)": 40.11626199999995,
            "avg": 11.80913152173913,
            "med": 10.42695,
            "min": 5.0395
        },
        "http_req_receiving": {
            "p(99)": 1.0200679999999995,
            "avg": 0.12885086956521738,
            "med": 0,
            "min": 0,
            "max": 1.3464,
            "p(90)": 0.5404100000000001,
            "p(95)": 0.727775
        },
        "vus": {
            "value": 1,
            "min": 1,
            "max": 1
        },
        "http_req_waiting": {
            "p(95)": 22.663789999999974,
            "p(99)": 40.11626199999995,
            "avg": 11.674613260869569,
            "med": 10.31045,
            "min": 4.4558,
            "max": 65.0244,
            "p(90)": 16.982400000000002
        },
        "http_reqs": {
            "count": 460,
            "rate": 3.8161049772583664
        },
        "http_req_blocked": {
            "max": 10.6025,
            "p(90)": 0,
            "p(95)": 0,
            "p(99)": 0,
            "avg": 0.026086521739130432,
            "med": 0,
            "min": 0
        }
    },
    "root_group": {
        "groups": {},
        "checks": {},
        "name": "",
        "path": "",
        "id": "d41d8cd98f00b204e9800998ecf8427e"
    }
}