{
    "root_group": {
        "id": "d41d8cd98f00b204e9800998ecf8427e",
        "groups": {},
        "checks": {},
        "name": "",
        "path": ""
    },
    "metrics": {
        "http_req_sending": {
            "avg": 0.008474007620060255,
            "med": 0,
            "min": 0,
            "max": 1.8696,
            "p(90)": 0,
            "p(95)": 0,
            "p(99)": 0.5177580000000002
        },
        "iteration_duration": {
            "avg": 1067.2705500620273,
            "med": 1050.9351,
            "min": 1027.8787,
            "max": 1683.9444,
            "p(90)": 1096.94254,
            "p(95)": 1136.57768,
            "p(99)": 1450.0680619999998
        },
        "http_req_tls_handshaking": {
            "p(99)": 0,
            "avg": 0,
            "med": 0,
            "min": 0,
            "max": 0,
            "p(90)": 0,
            "p(95)": 0
        },
        "data_received": {
            "count": 15241743,
            "rate": 126043.42104671337
        },
        "http_req_duration": {
            "p(95)": 36.171145,
            "p(99)": 107.45486700000014,
            "avg": 16.629827946127957,
            "med": 12.53885,
            "min": 4.2398,
            "max": 329.7759,
            "p(90)": 25.652010000000008
        },
        "http_reqs": {
            "count": 22572,
            "rate": 186.661860121012
        },
        "data_sent": {
            "count": 7381044,
            "rate": 61038.42825957093
        },
        "http_req_blocked": {
            "p(95)": 0,
            "p(99)": 0,
            "avg": 0.019695445684919367,
            "med": 0,
            "min": 0,
            "max": 9.2069,
            "p(90)": 0
        },
        "vus": {
            "min": 50,
            "max": 50,
            "value": 50
        },
        "iterations": {
            "count": 5643,
            "rate": 46.665465030253
        },
        "vus_max": {
            "value": 50,
            "min": 50,
            "max": 50
        },
        "http_req_receiving": {
            "avg": 0.07449167109693437,
            "med": 0,
            "min": 0,
            "max": 2.0952,
            "p(90)": 0.5042900000000001,
            "p(95)": 0.546,
            "p(99)": 0.7748160000000004
        },
        "http_req_connecting": {
            "p(90)": 0,
            "p(95)": 0,
            "p(99)": 0,
            "avg": 0.0039812511075669,
            "med": 0,
            "min": 0,
            "max": 3.4364
        },
        "http_req_failed": {
            "passes": 0,
            "fails": 22572,
            "value": 0
        },
        "http_req_waiting": {
            "max": 329.2538,
            "p(90)": 25.604410000000005,
            "p(95)": 36.15061000000001,
            "p(99)": 107.45486700000014,
            "avg": 16.546862267411026,
            "med": 12.4631,
            "min": 4.2398
        },
        "http_req_duration{expected_response:true}": {
            "min": 4.2398,
            "max": 329.7759,
            "p(90)": 25.652010000000008,
            "p(95)": 36.171145,
            "p(99)": 107.45486700000014,
            "avg": 16.629827946127957,
            "med": 12.53885
        }
    }
}