{
    "root_group": {
        "path": "",
        "id": "d41d8cd98f00b204e9800998ecf8427e",
        "groups": {},
        "checks": {},
        "name": ""
    },
    "metrics": {
        "data_sent": {
            "count": 2984856,
            "rate": 24713.685018690383
        },
        "http_req_blocked": {
            "avg": 0.02245856704645049,
            "med": 0,
            "min": 0,
            "max": 9.7537,
            "p(90)": 0,
            "p(95)": 0,
            "p(99)": 0
        },
        "http_req_waiting": {
            "avg": 13.726439417177875,
            "med": 11.51415,
            "min": 4.0348,
            "max": 130.1141,
            "p(90)": 20.88538,
            "p(95)": 27.407614999999993,
            "p(99)": 53.60202199999995
        },
        "data_received": {
            "count": 6163682,
            "rate": 51033.38167850361
        },
        "http_req_failed": {
            "passes": 0,
            "fails": 9128,
            "value": 0
        },
        "http_req_receiving": {
            "p(90)": 0.5037300000000001,
            "p(95)": 0.5475949999999998,
            "p(99)": 0.7994189999999999,
            "avg": 0.07581567703768637,
            "med": 0,
            "min": 0,
            "max": 2.5183
        },
        "vus_max": {
            "max": 20,
            "value": 20,
            "min": 20
        },
        "iteration_duration": {
            "p(90)": 1077.0858500000002,
            "p(95)": 1099.41818,
            "p(99)": 1214.8279020000002,
            "avg": 1056.0253326906227,
            "med": 1048.11025,
            "min": 1027.8695,
            "max": 1343.9922
        },
        "http_req_sending": {
            "p(95)": 0,
            "p(99)": 0.5238459999999999,
            "avg": 0.009523433391761614,
            "med": 0,
            "min": 0,
            "max": 1.504,
            "p(90)": 0
        },
        "iterations": {
            "count": 2282,
            "rate": 18.894254601445247
        },
        "vus": {
            "value": 20,
            "min": 20,
            "max": 20
        },
        "http_req_connecting": {
            "med": 0,
            "min": 0,
            "max": 1.8247,
            "p(90)": 0,
            "p(95)": 0,
            "p(99)": 0,
            "avg": 0.0021118974583698514
        },
        "http_req_duration": {
            "max": 130.8039,
            "p(90)": 20.952260000000003,
            "p(95)": 27.421874999999996,
            "p(99)": 53.67852799999997,
            "avg": 13.811778527607343,
            "med": 11.5978,
            "min": 4.0348
        },
        "http_req_tls_handshaking": {
            "avg": 0,
            "med": 0,
            "min": 0,
            "max": 0,
            "p(90)": 0,
            "p(95)": 0,
            "p(99)": 0
        },
        "http_reqs": {
            "count": 9128,
            "rate": 75.57701840578099
        },
        "http_req_duration{expected_response:true}": {
            "avg": 13.811778527607343,
            "med": 11.5978,
            "min": 4.0348,
            "max": 130.8039,
            "p(90)": 20.952260000000003,
            "p(95)": 27.421874999999996,
            "p(99)": 53.67852799999997
        }
    }
}